id,dlRef,sno,itmCod,desc,qty,price,disc,tot,traDate,action
2300001,2300001,1,10018001,SVTA Radio Hand Pice 1,2,1680,360,3000,2023-5-29 21-39-54, 
2300001,2300001,2,10018002,SVTA Radio Hand Pice 2,1,2100,300,1800,2023-5-29 21-39-54, 
2300002,2300002,1,10001000,Microneedling RF,1,31465,2465,29000,2023-5-29 21-40-11, 
2300002,2300002,2,10001001,Microneedling RF - HandPiece,2,4725,1450,8000,2023-5-29 21-40-11, 
2300002,2300002,3,10004001,RF Fractional CO2 Laser - Handpiece,1,7700,1700,6000,2023-5-29 21-40-11, 
2300002,2300002,4,10004002,RF Fractional CO2 Laser - Accessories,2,1400,400,2400,2023-5-29 21-40-11, 
2300003,2300003,1,10001000,Microneedling RF,1,31465,2465,29000,2023-5-29 21-40-26, 
2300003,2300003,2,10001001,Microneedling RF - HandPiece,1,4725,650,4075,2023-5-29 21-40-26, 
2300004,2300004,1,10004000,RF Fractional CO2 Laser,1,81900,2900,79000,2023-5-29 21-40-46, 
2300004,2300004,2,10004001,RF Fractional CO2 Laser - Handpiece,1,7700,300,7400,2023-5-29 21-40-46, 
2300005,2300005,1,10018003,SVTA Radio Hand Pice 3,3,1960,1880,4000,2023-5-29 21-41-3, 
2300005,2300005,2,10018004,SVTA Radio Hand Pice 4,1,1820,320,1500,2023-5-29 21-41-3, 
2300006,2300006,1,10008000,DeodLeaser,1,15400,300,15100,2023-5-29 21-43-44, 
2300006,2300006,2,10009001,G5 Slimming Applicators,1,2800,255,2545,2023-5-29 21-43-44, 
2300006,2300006,3,10014000,Konmision,1,39200,1200,38000,2023-5-29 21-43-44, 
2300007,2300007,1,10018007,SVTA Radio Hand Pice 7,2,2520,500,4540,2023-5-29 21-44-5, 
2300007,2300007,2,10018008,SVTA Radio Hand Pice 8,1,1400,30,1370,2023-5-29 21-44-5, 
2300007,2300007,3,10018000,SVTA Radio,1,25200,3200,22000,2023-5-29 21-44-5, 
2300008,2300008,1,10007000,Crio Lipo,1,36400,3400,33000,2023-5-29 21-44-24, 
2300008,2300008,2,10008001,DeodLeaser Hand Piece,3,2100,1300,5000,2023-5-29 21-44-24, 
2300009,2300009,1,10007000,Crio Lipo,1,36400,4400,32000,2023-5-29 21-45-4, 
2300009,2300009,2,10008001,DeodLeaser Hand Piece,1,2100,300,1800,2023-5-29 21-45-4, 
2300010,2300010,1,10004001,RF Fractional CO2 Laser - Handpiece,1,7700,500,7200,2023-5-29 21-45-21, 
2300010,2300010,2,10004002,RF Fractional CO2 Laser - Accessories,2,1400,20,2780,2023-5-29 21-45-21, 
2300011,2300011,1,10018004,SVTA Radio Hand Pice 4,1,1820,220,1600,2023-5-29 21-45-44, 
2300011,2300011,2,10018005,SVTA Radio Hand Pice 5,1,2240,240,2000,2023-5-29 21-45-44, 
2300012,2300012,1,10008000,DeodLeaser,1,15400,2400,13000,2023-5-29 21-46-10, 
2300012,2300012,2,10009001,G5 Slimming Applicators,1,2800,240,2560,2023-5-29 21-46-10, 
2300013,2300013,1,10017000,SPA Slim,1,8400,400,8000,2023-5-29 21-57-37, 
2300013,2300013,2,10018001,SVTA Radio Hand Pice 1,2,1680,360,3000,2023-5-29 21-57-37, 
2300014,2300014,1,10004001,RF Fractional CO2 Laser - Handpiece,1,7700,700,7000,2023-5-29 21-58-22, 
2300014,2300014,2,10004002,RF Fractional CO2 Laser - Accessories,4,1400,1600,4000,2023-5-29 21-58-22, 
2300015,2300015,1,10018000,SVTA Radio,1,25200,500,24700,2023-5-29 21-58-46, 
2300015,2300015,2,10018001,SVTA Radio Hand Pice 1,1,1680,180,1500,2023-5-29 21-58-46, 
2300015,2300015,3,10018002,SVTA Radio Hand Pice 2,1,2100,200,1900,2023-5-29 21-58-46, 
2300015,2300015,4,10018003,SVTA Radio Hand Pice 3,1,1960,190,1770,2023-5-29 21-58-46, 
2300015,2300015,5,10018004,SVTA Radio Hand Pice 4,1,1820,220,1600,2023-5-29 21-58-46, 
2300016,2300016,1,10006000,Caviation Laser,2,24500,6000,43000,2023-5-29 21-59-12, 
2300017,2300017,1,10019000,VCA Laser,1,39200,3200,36000,2023-5-29 21-59-27, 
2300017,2300017,2,10019001,VCA Leaser Hand Piece,1,40000,4000,36000,2023-5-29 21-59-27, 
2300018,2300018,1,10011000,Hydra Fresh,1,74200,14200,60000,2023-5-29 21-59-44, 
2300018,2300018,2,10013000,Jumia,1,25200,5200,20000,2023-5-29 21-59-44, 
2300018,2300018,3,10016000,My Ultrasonic,2,9800,1600,18000,2023-5-29 21-59-44, 
2300019,2300019,1,10012000,Hydra-new,1,16800,280,16520,2023-5-29 22-0-2, 
2300019,2300019,2,10013000,Jumia,1,25200,3200,22000,2023-5-29 22-0-2, 
2300020,2300020,1,10003000,Portable Diode Laser Hair Removal Equipment,1,47180,6180,41000,2023-5-29 22-0-18, 
2300020,2300020,2,10003001,Portable Diode Laser Hair Removal Equipment - Hand Piece,3,6300,3900,15000,2023-5-29 22-0-18, 
2300021,2300021,1,10018005,SVTA Radio Hand Pice 5,1,2240,240,2000,2023-5-29 22-0-35, 
2300021,2300021,2,10018006,SVTA Radio Hand Pice 6,2,2380,1760,3000,2023-5-29 22-0-35, 
2300022,2300022,1,10018000,SVTA Radio,2,25200,4400,46000,2023-5-29 22-0-53, 
2300022,2300022,2,10019000,VCA Laser,1,39200,320,38880,2023-5-29 22-0-53, 
2300023,2300023,1,10018003,SVTA Radio Hand Pice 3,3,1960,880,5000,2023-5-29 22-1-10, 
2300023,2300023,2,10018004,SVTA Radio Hand Pice 4,1,1820,220,1600,2023-5-29 22-1-10, 
2300024,2300024,1,10001000,Microneedling RF,1,31465,2465,29000,2023-5-29 22-1-30, 
2300024,2300024,2,10001001,Microneedling RF - HandPiece,2,4725,2450,7000,2023-5-29 22-1-30, 
2300025,2300025,1,10016000,My Ultrasonic,2,9800,2600,17000,2023-5-29 22-1-42, 
2300026,2300026,1,10019000,VCA Laser,2,39200,9400,69000,2023-5-29 22-2-2, 
2300026,2300026,2,10019001,VCA Leaser Hand Piece,1,40000,4000,36000,2023-5-29 22-2-2, 
2300027,2300027,1,10009000,G5 Slimming,1,51800,3800,48000,2023-5-29 22-2-22, 
2300027,2300027,2,10009001,G5 Slimming Applicators,3,2800,1400,7000,2023-5-29 22-2-22, 
2300027,2300027,3,10010000,Hiemt A,1,85400,4400,81000,2023-5-29 22-2-22, 
2300028,2300028,1,10018001,SVTA Radio Hand Pice 1,2,1680,360,3000,2023-5-29 22-2-39, 
2300028,2300028,2,10018002,SVTA Radio Hand Pice 2,1,2100,300,1800,2023-5-29 22-2-39, 
2300029,2300029,1,10008001,DeodLeaser Hand Piece,2,2100,300,3900,2023-5-29 22-2-52, 
2300029,2300029,2,10008000,DeodLeaser,1,15400,3400,12000,2023-5-29 22-2-52, 
2300030,2300030,1,10015000,Mickcara,1,43400,4400,39000,2023-5-29 22-3-6, 
2300030,2300030,2,10016000,My Ultrasonic,2,9800,3600,16000,2023-5-29 22-3-6, 
2300031,2300031,1,10008001,DeodLeaser Hand Piece,2,2100,300,3900,2023-5-29 22-3-28, 
2300032,2300032,1,10018001,SVTA Radio Hand Pice 1,1,1680,280,1400,2023-5-29 22-3-45, 
2300032,2300032,2,10018000,SVTA Radio,1,25200,3200,22000,2023-5-29 22-3-45, 
2300033,2300033,1,10004000,RF Fractional CO2 Laser,1,81900,3900,78000,2023-5-29 22-4-1, 
2300034,2300034,1,10008001,DeodLeaser Hand Piece,2,2100,350,3850,2023-5-29 22-4-20, 
2300035,2300035,1,10019000,VCA Laser,1,39200,6200,33000,2023-5-29 22-4-33, 
2300035,2300035,2,10019001,VCA Leaser Hand Piece,2,40000,7500,72500,2023-5-29 22-4-33, 
2300036,2300036,1,10008000,DeodLeaser,1,15400,3400,12000,2023-5-29 22-4-49, 
2300036,2300036,2,10008001,DeodLeaser Hand Piece,1,2100,300,1800,2023-5-29 22-4-49, 
2300037,2300037,1,10004001,RF Fractional CO2 Laser - Handpiece,2,7700,500,14900,2023-5-29 22-5-8, 
2300037,2300037,2,10004002,RF Fractional CO2 Laser - Accessories,3,1400,20,4180,2023-5-29 22-5-8, 
2300038,2300038,1,10019000,VCA Laser,1,39200,3200,36000,2023-5-29 22-5-28, 
2300038,2300038,2,10019001,VCA Leaser Hand Piece,1,40000,4000,36000,2023-5-29 22-5-28, 
2300039,2300039,1,10004000,RF Fractional CO2 Laser,2,81900,2900,160900,2023-5-29 22-5-42, 
2300039,2300039,2,10004001,RF Fractional CO2 Laser - Handpiece,1,7700,300,7400,2023-5-29 22-5-42, 
2300040,2300040,1,10018001,SVTA Radio Hand Pice 1,3,1680,280,4760,2023-5-29 22-6-0, 
2300040,2300040,2,10018000,SVTA Radio,1,25200,3200,22000,2023-5-29 22-6-0, 
2300041,2300041,1,10013000,Jumia,1,25200,2200,23000,2023-5-29 22-6-34, 
2300041,2300041,2,10014000,Konmision,1,39200,3200,36000,2023-5-29 22-6-34, 
2300042,2300042,1,10018004,SVTA Radio Hand Pice 4,3,1820,220,5240,2023-5-29 22-6-55, 
2300042,2300042,2,10018005,SVTA Radio Hand Pice 5,3,2240,240,6480,2023-5-29 22-6-55, 
2300043,2300043,1,10018004,SVTA Radio Hand Pice 4,1,1820,200,1620,2023-5-29 22-7-12, 
2300043,2300043,2,10018005,SVTA Radio Hand Pice 5,1,2240,140,2100,2023-5-29 22-7-12, 
2300044,2300044,1,10001000,Microneedling RF,1,31465,2465,29000,2023-5-29 22-7-25, 
2300044,2300044,2,10001001,Microneedling RF - HandPiece,1,4725,2450,2275,2023-5-29 22-7-25, 
2300045,2300045,1,10012000,Hydra-new,1,16800,280,16520,2023-5-29 22-7-41, 
2300045,2300045,2,10013000,Jumia,1,25200,3200,22000,2023-5-29 22-7-41, 
2300046,2300046,1,10011000,Hydra Fresh,2,74200,15400,133000,2023-5-29 22-8-2, 
2300046,2300046,2,10012000,Hydra-new,1,16800,3800,13000,2023-5-29 22-8-2, 
2300046,2300046,3,10013000,Jumia,1,25200,5200,20000,2023-5-29 22-8-2, 
2300047,2300047,1,10018001,SVTA Radio Hand Pice 1,1,1680,360,1320,2023-5-29 22-8-15, 
2300047,2300047,2,10018002,SVTA Radio Hand Pice 2,2,2100,300,3900,2023-5-29 22-8-15, 
2300048,2300048,1,10018005,SVTA Radio Hand Pice 5,2,2240,4800,-320,2023-5-29 22-8-33, 
2300048,2300048,2,10018006,SVTA Radio Hand Pice 6,1,2380,0,2380,2023-5-29 22-8-33, 
2300048,2300048,3,10018007,SVTA Radio Hand Pice 7,1,2520,0,2520,2023-5-29 22-8-33, 
2300048,2300048,4,10018008,SVTA Radio Hand Pice 8,1,1400,0,1400,2023-5-29 22-8-33, 
2300048,2300048,5,10018000,SVTA Radio,1,25200,3200,22000,2023-5-29 22-8-33, 
2300049,2300049,1,10006000,Caviation Laser,1,24500,3500,21000,2023-5-29 22-8-48, 
2300049,2300049,2,10007000,Crio Lipo,1,36400,5400,31000,2023-5-29 22-8-48, 
2300049,2300049,3,10009001,G5 Slimming Applicators,2,2800,550,5050,2023-5-29 22-8-48, 
2300050,2300050,1,10008000,DeodLeaser,1,15400,2400,13000,2023-5-29 22-9-2, 
2300050,2300050,2,10009001,G5 Slimming Applicators,1,2800,240,2560,2023-5-29 22-9-2, 
2300051,2300051,1,10001000,Microneedling RF,1,31465,3465,28000,2023-5-29 22-9-19, 
2300051,2300051,2,10001001,Microneedling RF - HandPiece,3,4725,2175,12000,2023-5-29 22-9-19, 
2300052,2300052,1,10007000,Crio Lipo,1,36400,3400,33000,2023-5-29 22-9-35, 
2300052,2300052,2,10008001,DeodLeaser Hand Piece,2,2100,1300,2900,2023-5-29 22-9-35, 
2300053,2300053,1,10016000,My Ultrasonic,1,9800,1800,8000,2023-5-29 22-9-59, 
2300053,2300053,2,10017000,SPA Slim,1,8400,1400,7000,2023-5-29 22-9-59, 
2300054,2300054,1,10019000,VCA Laser,1,39200,3200,36000,2023-5-29 22-10-18, 
2300054,2300054,2,10019001,VCA Leaser Hand Piece,1,40000,4000,36000,2023-5-29 22-10-18, 
2300055,2300055,1,10018007,SVTA Radio Hand Pice 7,2,2520,1040,4000,2023-5-29 22-10-33, 
2300055,2300055,2,10018008,SVTA Radio Hand Pice 8,1,1400,350,1050,2023-5-29 22-10-33, 
2300056,2300056,1,10011000,Hydra Fresh,1,74200,14200,60000,2023-5-29 22-10-52, 
2300056,2300056,2,10013000,Jumia,1,25200,5200,20000,2023-5-29 22-10-52, 
2300056,2300056,3,10016000,My Ultrasonic,1,9800,1600,8200,2023-5-29 22-10-52, 
2300057,2300057,1,10008000,DeodLeaser,1,15400,300,15100,2023-5-29 22-11-12, 
2300057,2300057,2,10009001,G5 Slimming Applicators,2,2800,255,5345,2023-5-29 22-11-12, 
2300057,2300057,3,10014000,Konmision,1,39200,1200,38000,2023-5-29 22-11-12, 
2300058,2300058,1,10004001,RF Fractional CO2 Laser - Handpiece,2,7700,700,14700,2023-5-29 22-11-37, 
2300058,2300058,2,10004002,RF Fractional CO2 Laser - Accessories,5,1400,1600,5400,2023-5-29 22-11-37, 
2300059,2300059,1,10018007,SVTA Radio Hand Pice 7,1,2520,500,2020,2023-5-29 22-12-7, 
2300059,2300059,2,10018008,SVTA Radio Hand Pice 8,3,1400,30,4170,2023-5-29 22-12-7, 
2300059,2300059,3,10018000,SVTA Radio,2,25200,3200,47200,2023-5-29 22-12-7, 
2300060,2300060,1,10017000,SPA Slim,1,8400,400,8000,2023-5-29 22-13-8, 
2300060,2300060,2,10018001,SVTA Radio Hand Pice 1,3,1680,360,4680,2023-5-29 22-13-8, 
2300061,2300061,1,10001000,Microneedling RF,1,31465,2465,29000,2023-5-29 22-13-26, 
2300061,2300061,2,10001001,Microneedling RF - HandPiece,2,4725,650,8800,2023-5-29 22-13-26, 
2300062,2300062,1,10008001,DeodLeaser Hand Piece,3,2100,300,6000,2023-5-29 22-13-41, 
2300062,2300062,2,10008000,DeodLeaser,1,15400,3400,12000,2023-5-29 22-13-41, 
2300063,2300063,1,10003000,Portable Diode Laser Hair Removal Equipment,1,47180,6180,41000,2023-5-29 22-13-56, 
2300063,2300063,2,10003001,Portable Diode Laser Hair Removal Equipment - Hand Piece,2,6300,3900,8700,2023-5-29 22-13-56, 
2300064,2300064,1,10018000,SVTA Radio,1,25200,500,24700,2023-5-29 22-14-12, 
2300064,2300064,2,10018001,SVTA Radio Hand Pice 1,1,1680,180,1500,2023-5-29 22-14-12, 
2300064,2300064,3,10018002,SVTA Radio Hand Pice 2,1,2100,200,1900,2023-5-29 22-14-12, 
2300064,2300064,4,10018003,SVTA Radio Hand Pice 3,1,1960,190,1770,2023-5-29 22-14-12, 
2300064,2300064,5,10018004,SVTA Radio Hand Pice 4,2,1820,220,3420,2023-5-29 22-14-12, 
2300065,2300065,1,10018003,SVTA Radio Hand Pice 3,1,1960,1880,80,2023-5-29 22-14-36, 
2300065,2300065,2,10018004,SVTA Radio Hand Pice 4,2,1820,320,3320,2023-5-29 22-14-36, 
2300066,2300066,1,10007000,Crio Lipo,1,36400,4400,32000,2023-5-29 22-14-54, 
2300066,2300066,2,10008001,DeodLeaser Hand Piece,3,2100,300,6000,2023-5-29 22-14-54, 
2300067,2300067,1,10001000,Microneedling RF,2,31465,2465,60465,2023-5-29 22-15-12, 
2300067,2300067,2,10001001,Microneedling RF - HandPiece,3,4725,1450,12725,2023-5-29 22-15-12, 
2300067,2300067,3,10004001,RF Fractional CO2 Laser - Handpiece,2,7700,1700,13700,2023-5-29 22-15-12, 
2300067,2300067,4,10004002,RF Fractional CO2 Laser - Accessories,2,1400,400,2400,2023-5-29 22-15-12, 
2300068,2300068,1,10019000,VCA Laser,2,39200,9400,69000,2023-5-29 22-15-42, 
2300068,2300068,2,10019001,VCA Leaser Hand Piece,1,40000,4000,36000,2023-5-29 22-15-42, 
2300069,2300069,1,10008001,DeodLeaser Hand Piece,1,2100,300,1800,2023-5-29 22-15-57, 
2300070,2300070,1,10019000,VCA Laser,1,39200,6200,33000,2023-5-29 22-16-36, 
2300070,2300070,2,10019001,VCA Leaser Hand Piece,2,40000,7500,72500,2023-5-29 22-16-36, 
2300071,2300071,1,10016000,My Ultrasonic,1,9800,2600,7200,2023-5-29 22-16-56, 
2300072,2300072,1,10013000,Jumia,1,25200,2200,23000,2023-5-29 22-17-16, 
2300072,2300072,2,10014000,Konmision,1,39200,3200,36000,2023-5-29 22-17-16, 
2300073,2300073,1,10018000,SVTA Radio,1,25200,4400,20800,2023-5-29 22-17-32, 
2300073,2300073,2,10019000,VCA Laser,2,39200,320,78080,2023-5-29 22-17-32, 
2300074,2300074,1,10018005,SVTA Radio Hand Pice 5,2,2240,240,4240,2023-5-29 22-17-55, 
2300074,2300074,2,10018006,SVTA Radio Hand Pice 6,1,2380,1760,620,2023-5-29 22-17-55, 
2300075,2300075,1,10006000,Caviation Laser,1,24500,6000,18500,2023-5-29 22-18-7, 
2300076,2300076,1,10018004,SVTA Radio Hand Pice 4,2,1820,200,3440,2023-5-29 22-18-33, 
2300076,2300076,2,10018005,SVTA Radio Hand Pice 5,2,2240,140,4340,2023-5-29 22-18-33, 
2300077,2300077,1,10018005,SVTA Radio Hand Pice 5,3,2240,4800,1920,2023-5-29 22-18-50, 
2300077,2300077,2,10018006,SVTA Radio Hand Pice 6,4,2380,0,9520,2023-5-29 22-18-50, 
2300077,2300077,3,10018007,SVTA Radio Hand Pice 7,4,2520,0,10080,2023-5-29 22-18-50, 
2300077,2300077,4,10018008,SVTA Radio Hand Pice 8,3,1400,0,4200,2023-5-29 22-18-50, 
2300077,2300077,5,10018000,SVTA Radio,1,25200,3200,22000,2023-5-29 22-18-50, 
2300078,2300078,1,10008000,DeodLeaser,1,15400,3400,12000,2023-5-29 22-19-3, 
2300078,2300078,2,10008001,DeodLeaser Hand Piece,2,2100,300,3900,2023-5-29 22-19-3, 
2300079,2300079,1,10016000,My Ultrasonic,2,9800,1800,17800,2023-5-29 22-19-17, 
2300079,2300079,2,10017000,SPA Slim,1,8400,1400,7000,2023-5-29 22-19-17, 
2300080,2300080,1,10018001,SVTA Radio Hand Pice 1,4,1680,360,6360,2023-5-29 22-19-31, 
2300080,2300080,2,10018002,SVTA Radio Hand Pice 2,3,2100,300,6000,2023-5-29 22-19-31, 
2300081,2300081,1,10015000,Mickcara,1,43400,4400,39000,2023-5-29 22-19-49, 
2300081,2300081,2,10016000,My Ultrasonic,1,9800,3600,6200,2023-5-29 22-19-49, 
2300082,2300082,1,10001000,Microneedling RF,2,31465,2465,60465,2023-5-29 22-20-6, 
2300082,2300082,2,10001001,Microneedling RF - HandPiece,3,4725,1450,12725,2023-5-29 22-20-6, 
2300082,2300082,3,10004001,RF Fractional CO2 Laser - Handpiece,2,7700,1700,13700,2023-5-29 22-20-6, 
2300082,2300082,4,10004002,RF Fractional CO2 Laser - Accessories,1,1400,400,1000,2023-5-29 22-20-6, 
2300083,2300083,1,10009000,G5 Slimming,1,51800,3800,48000,2023-5-29 22-20-22, 
2300083,2300083,2,10009001,G5 Slimming Applicators,2,2800,1400,4200,2023-5-29 22-20-22, 
2300083,2300083,3,10010000,Hiemt A,1,85400,4400,81000,2023-5-29 22-20-22, 
2300084,2300084,1,10018003,SVTA Radio Hand Pice 3,2,1960,880,3040,2023-5-29 22-20-38, 
2300084,2300084,2,10018004,SVTA Radio Hand Pice 4,2,1820,220,3420,2023-5-29 22-20-38, 
2300085,2300085,1,10004001,RF Fractional CO2 Laser - Handpiece,2,7700,500,14900,2023-5-29 22-20-56, 
2300085,2300085,2,10004002,RF Fractional CO2 Laser - Accessories,1,1400,20,1380,2023-5-29 22-20-56, 
2300086,2300086,1,10008001,DeodLeaser Hand Piece,4,2100,350,8050,2023-5-29 22-21-19, 
2300087,2300087,1,10019000,VCA Laser,1,39200,3200,36000,2023-5-29 22-21-40, 
2300087,2300087,2,10019001,VCA Leaser Hand Piece,1,40000,4000,36000,2023-5-29 22-21-40, 
2300088,2300088,1,10011000,Hydra Fresh,2,74200,15400,133000,2023-5-29 22-21-56, 
2300088,2300088,2,10012000,Hydra-new,1,16800,3800,13000,2023-5-29 22-21-56, 
2300088,2300088,3,10013000,Jumia,1,25200,5200,20000,2023-5-29 22-21-56, 
2300089,2300089,1,10006000,Caviation Laser,1,24500,3500,21000,2023-5-29 22-22-14, 
2300089,2300089,2,10007000,Crio Lipo,1,36400,5400,31000,2023-5-29 22-22-14, 
2300089,2300089,3,10009001,G5 Slimming Applicators,4,2800,550,10650,2023-5-29 22-22-14, 
2300090,2300090,1,10008000,DeodLeaser,2,15400,300,30500,2023-5-29 22-22-28, 
2300090,2300090,2,10009001,G5 Slimming Applicators,2,2800,255,5345,2023-5-29 22-22-28, 
2300090,2300090,3,10014000,Konmision,1,39200,1200,38000,2023-5-29 22-22-28, 
2300091,2300091,1,10001000,Microneedling RF,1,31465,3465,28000,2023-5-29 22-22-41, 
2300091,2300091,2,10001001,Microneedling RF - HandPiece,4,4725,2175,16725,2023-5-29 22-22-41, 
2300092,2300092,1,10018001,SVTA Radio Hand Pice 1,1,1680,360,1320,2023-5-29 22-22-55, 
2300092,2300092,2,10018002,SVTA Radio Hand Pice 2,2,2100,300,3900,2023-5-29 22-22-55, 
2300093,2300093,1,10004000,RF Fractional CO2 Laser,1,81900,3900,78000,2023-5-29 22-23-8, 
2300094,2300094,1,10018007,SVTA Radio Hand Pice 7,2,2520,1040,4000,2023-5-29 22-23-22, 
2300094,2300094,2,10018008,SVTA Radio Hand Pice 8,3,1400,350,3850,2023-5-29 22-23-22, 
2300095,2300095,1,10001000,Microneedling RF,1,31465,2465,29000,2023-5-29 22-23-40, 
2300095,2300095,2,10001001,Microneedling RF - HandPiece,2,4725,650,8800,2023-5-29 22-23-40, 
2300096,2300096,1,10006000,Caviation Laser,1,24500,6000,18500,2023-5-29 22-23-59, 
2300097,2300097,1,10007000,Crio Lipo,1,36400,3400,33000,2023-5-29 22-24-15, 
2300097,2300097,2,10008001,DeodLeaser Hand Piece,2,2100,1300,2900,2023-5-29 22-24-15, 
2300098,2300098,1,10018003,SVTA Radio Hand Pice 3,1,1960,1880,80,2023-5-29 22-24-30, 
2300098,2300098,2,10018004,SVTA Radio Hand Pice 4,2,1820,320,3320,2023-5-29 22-24-30, 
2300099,2300099,1,10004000,RF Fractional CO2 Laser,1,81900,2900,79000,2023-5-29 22-25-10, 
2300099,2300099,2,10004001,RF Fractional CO2 Laser - Handpiece,2,7700,300,15100,2023-5-29 22-25-10, 
2300100,2300100,1,10018005,SVTA Radio Hand Pice 5,3,2240,240,6480,2023-5-29 22-25-25, 
2300100,2300100,2,10018006,SVTA Radio Hand Pice 6,1,2380,1760,620,2023-5-29 22-25-25, 
2300101,2300101,1,10018004,SVTA Radio Hand Pice 4,2,1820,220,3420,2023-5-29 22-25-41, 
2300101,2300101,2,10018005,SVTA Radio Hand Pice 5,1,2240,240,2000,2023-5-29 22-25-41, 
2300102,2300102,1,10018000,SVTA Radio,1,25200,4400,20800,2023-5-29 22-25-56, 
2300102,2300102,2,10019000,VCA Laser,2,39200,320,78080,2023-5-29 22-25-56, 
2300103,2300103,1,10008001,DeodLeaser Hand Piece,3,2100,300,6000,2023-5-29 22-27-5, 
2300103,2300103,2,10008000,DeodLeaser,1,15400,3400,12000,2023-5-29 22-27-5, 
2300104,2300104,1,10018001,SVTA Radio Hand Pice 1,1,1680,280,1400,2023-6-3 1-48-10, 
2300104,2300104,2,10018000,SVTA Radio,2,25200,3200,47200,2023-6-3 1-48-10, 
2300105,2300105,1,10018007,SVTA Radio Hand Pice 7,1,2520,500,2020,2023-6-3 1-48-29, 
2300105,2300105,2,10018008,SVTA Radio Hand Pice 8,1,1400,30,1370,2023-6-3 1-48-29, 
2300105,2300105,3,10018000,SVTA Radio,2,25200,3200,47200,2023-6-3 1-48-29, 
2300107,2300107,1,10018001,SVTA Radio Hand Pice 1,3,1680,360,4680,2023-6-3 1-50-8, 
2300107,2300107,2,10018002,SVTA Radio Hand Pice 2,2,2100,300,3900,2023-6-3 1-50-8, 
2300108,2300108,1,10011000,Hydra Fresh,1,74200,14200,60000,2023-6-3 2-6-42, 
2300108,2300108,2,10013000,Jumia,1,25200,5200,20000,2023-6-3 2-6-42, 
2300108,2300108,3,10016000,My Ultrasonic,1,9800,1600,8200,2023-6-3 2-6-42, 
2300109,2300109,1,10019000,VCA Laser,1,39200,3200,36000,2023-6-3 2-7-12, 
2300109,2300109,2,10019001,VCA Leaser Hand Piece,1,40000,4000,36000,2023-6-3 2-7-12, 
2300110,2300110,1,10015000,Mickcara,1,43400,4400,39000,2023-6-3 2-7-36, 
2300110,2300110,2,10016000,My Ultrasonic,1,9800,3600,6200,2023-6-3 2-7-36, 
2300111,2300111,1,10018000,SVTA Radio,1,25200,500,24700,2023-6-3 2-8-19, 
2300111,2300111,2,10018001,SVTA Radio Hand Pice 1,2,1680,180,3180,2023-6-3 2-8-19, 
2300111,2300111,3,10018002,SVTA Radio Hand Pice 2,2,2100,200,4000,2023-6-3 2-8-19, 
2300111,2300111,4,10018003,SVTA Radio Hand Pice 3,1,1960,190,1770,2023-6-3 2-8-19, 
2300111,2300111,5,10018004,SVTA Radio Hand Pice 4,2,1820,220,3420,2023-6-3 2-8-19, 
2300112,2300112,1,10012000,Hydra-new,1,16800,280,16520,2023-6-3 2-8-47, 
2300112,2300112,2,10013000,Jumia,1,25200,3200,22000,2023-6-3 2-8-47, 
2300113,2300113,1,10007000,Crio Lipo,1,36400,4400,32000,2023-6-3 2-11-26, 
2300113,2300113,2,10008001,DeodLeaser Hand Piece,2,2100,300,3900,2023-6-3 2-11-26, 
2300114,2300114,1,10008001,DeodLeaser Hand Piece,3,2100,350,5950,2023-6-3 2-11-51, 
2300115,2300115,1,10001000,Microneedling RF,1,31465,2465,29000,2023-6-3 2-12-16, 
2300115,2300115,2,10001001,Microneedling RF - HandPiece,1,4725,2450,2275,2023-6-3 2-12-16, 
2300116,2300116,1,10004000,RF Fractional CO2 Laser,1,81900,3900,78000,2023-6-3 2-12-42, 
2300117,2300117,1,10004001,RF Fractional CO2 Laser - Handpiece,1,7700,700,7000,2023-6-3 2-13-0, 
2300117,2300117,2,10004002,RF Fractional CO2 Laser - Accessories,1,1400,1600,-200,2023-6-3 2-13-0, 
2300118,2300118,1,10019000,VCA Laser,1,39200,9400,29800,2023-6-3 2-13-39, 
2300118,2300118,2,10019001,VCA Leaser Hand Piece,1,40000,4000,36000,2023-6-3 2-13-39, 
2300119,2300119,1,10018004,SVTA Radio Hand Pice 4,3,1820,200,5260,2023-6-3 2-14-50, 
2300119,2300119,2,10018005,SVTA Radio Hand Pice 5,2,2240,140,4340,2023-6-3 2-14-50, 
2300120,2300120,1,10006000,Caviation Laser,1,24500,3500,21000,2023-6-3 2-15-9, 
2300120,2300120,2,10007000,Crio Lipo,1,36400,5400,31000,2023-6-3 2-15-9, 
2300120,2300120,3,10009001,G5 Slimming Applicators,3,2800,550,7850,2023-6-3 2-15-9, 
2300121,2300121,1,10009000,G5 Slimming,1,51800,3800,48000,2023-6-3 2-15-51, 
2300121,2300121,2,10009001,G5 Slimming Applicators,2,2800,1400,4200,2023-6-3 2-15-51, 
2300121,2300121,3,10010000,Hiemt A,1,85400,4400,81000,2023-6-3 2-15-51, 
2300122,2300122,1,10008001,DeodLeaser Hand Piece,1,2100,300,1800,2023-6-3 2-21-55, 
2300123,2300123,1,10001000,Microneedling RF,2,31465,3465,59465,2023-6-3 2-22-12, 
2300123,2300123,2,10001001,Microneedling RF - HandPiece,1,4725,2175,2550,2023-6-3 2-22-12, 
2300124,2300124,1,10008000,DeodLeaser,2,15400,3400,27400,2023-6-3 2-22-41, 
2300124,2300124,2,10008001,DeodLeaser Hand Piece,2,2100,300,3900,2023-6-3 2-22-41, 
2300125,2300125,1,10018007,SVTA Radio Hand Pice 7,3,2520,1040,6520,2023-6-3 2-23-11, 
2300125,2300125,2,10018008,SVTA Radio Hand Pice 8,2,1400,350,2450,2023-6-3 2-23-11, 
2300126,2300126,1,10004000,RF Fractional CO2 Laser,1,81900,2900,79000,2023-6-3 2-23-41, 
2300126,2300126,2,10004001,RF Fractional CO2 Laser - Handpiece,2,7700,300,15100,2023-6-3 2-23-41, 
2300127,2300127,1,10018005,SVTA Radio Hand Pice 5,3,2240,4800,1920,2023-6-3 2-24-13, 
2300127,2300127,2,10018006,SVTA Radio Hand Pice 6,2,2380,0,4760,2023-6-3 2-24-13, 
2300127,2300127,3,10018007,SVTA Radio Hand Pice 7,2,2520,0,5040,2023-6-3 2-24-13, 
2300127,2300127,4,10018008,SVTA Radio Hand Pice 8,3,1400,0,4200,2023-6-3 2-24-13, 
2300127,2300127,5,10018000,SVTA Radio,2,25200,3200,47200,2023-6-3 2-24-13, 
2300128,2300128,1,10016000,My Ultrasonic,1,9800,1800,8000,2023-6-3 2-34-26, 
2300128,2300128,2,10017000,SPA Slim,1,8400,1400,7000,2023-6-3 2-34-26, 
2300129,2300129,1,10018007,SVTA Radio Hand Pice 7,2,2520,500,4540,2023-6-3 2-34-48, 
2300129,2300129,2,10018008,SVTA Radio Hand Pice 8,4,1400,30,5570,2023-6-3 2-34-48, 
2300129,2300129,3,10018000,SVTA Radio,1,25200,3200,22000,2023-6-3 2-34-48, 
2300130,2300130,1,10004001,RF Fractional CO2 Laser - Handpiece,1,7700,500,7200,2023-6-3 2-35-2, 
2300130,2300130,2,10004002,RF Fractional CO2 Laser - Accessories,5,1400,20,6980,2023-6-3 2-35-2, 
2300131,2300131,1,10008000,DeodLeaser,1,15400,300,15100,2023-6-3 2-35-26, 
2300131,2300131,2,10009001,G5 Slimming Applicators,4,2800,255,10945,2023-6-3 2-35-26, 
2300131,2300131,3,10014000,Konmision,1,39200,1200,38000,2023-6-3 2-35-26, 
2300132,2300132,1,10001000,Microneedling RF,1,31465,2465,29000,2023-6-3 2-35-45, 
2300132,2300132,2,10001001,Microneedling RF - HandPiece,1,4725,650,4075,2023-6-3 2-35-45, 
2300133,2300133,1,10008000,DeodLeaser,1,15400,2400,13000,2023-6-3 2-36-6, 
2300133,2300133,2,10009001,G5 Slimming Applicators,2,2800,240,5360,2023-6-3 2-36-6, 
2300134,2300134,1,10013000,Jumia,1,25200,2200,23000,2023-6-3 2-36-31, 
2300134,2300134,2,10014000,Konmision,1,39200,3200,36000,2023-6-3 2-36-31, 
2300135,2300135,1,10003000,Portable Diode Laser Hair Removal Equipment,1,47180,6180,41000,2023-6-3 2-37-38, 
2300135,2300135,2,10003001,Portable Diode Laser Hair Removal Equipment - Hand Piece,2,6300,3900,8700,2023-6-3 2-37-38, 
2300136,2300136,1,10017000,SPA Slim,1,8400,400,8000,2023-6-3 2-37-59, 
2300136,2300136,2,10018001,SVTA Radio Hand Pice 1,3,1680,360,4680,2023-6-3 2-37-59, 
2300137,2300137,1,10019000,VCA Laser,1,39200,6200,33000,2023-6-3 2-38-23, 
2300137,2300137,2,10019001,VCA Leaser Hand Piece,2,40000,7500,72500,2023-6-3 2-38-23, 
2300138,2300138,1,10018003,SVTA Radio Hand Pice 3,2,1960,880,3040,2023-6-3 2-39-3, 
2300138,2300138,2,10018004,SVTA Radio Hand Pice 4,2,1820,220,3420,2023-6-3 2-39-3, 
2300139,2300139,1,10011000,Hydra Fresh,1,74200,15400,58800,2023-6-3 2-39-58, 
2300139,2300139,2,10012000,Hydra-new,2,16800,3800,29800,2023-6-3 2-39-58, 
2300139,2300139,3,10013000,Jumia,1,25200,5200,20000,2023-6-3 2-39-58, 
2300140,2300140,1,10016000,My Ultrasonic,1,9800,2600,7200,2023-6-3 2-41-39, 
2300141,2300141,1,10019000,VCA Laser,1,39200,3200,36000,2023-6-3 2-42-16, 
2300141,2300141,2,10019001,VCA Leaser Hand Piece,1,40000,4000,36000,2023-6-3 2-42-16, 
2300142,2300142,1,10001000,Microneedling RF,1,31465,2465,29000,2023-6-3 2-42-58, 
2300142,2300142,2,10001001,Microneedling RF - HandPiece,4,4725,1450,17450,2023-6-3 2-42-58, 
2300142,2300142,3,10004001,RF Fractional CO2 Laser - Handpiece,1,7700,1700,6000,2023-6-3 2-42-58, 
2300142,2300142,4,10004002,RF Fractional CO2 Laser - Accessories,4,1400,400,5200,2023-6-3 2-42-58, 
2300143,2300143,1,10018000,SVTA Radio,1,25200,500,24700,2023-6-3 2-43-24, 
2300143,2300143,2,10018001,SVTA Radio Hand Pice 1,3,1680,180,4860,2023-6-3 2-43-24, 
2300143,2300143,3,10018002,SVTA Radio Hand Pice 2,2,2100,200,4000,2023-6-3 2-43-24, 
2300143,2300143,4,10018003,SVTA Radio Hand Pice 3,2,1960,190,3730,2023-6-3 2-43-24, 
2300143,2300143,5,10018004,SVTA Radio Hand Pice 4,1,1820,220,1600,2023-6-3 2-43-24, 
2300144,2300144,1,10004001,RF Fractional CO2 Laser - Handpiece,1,7700,700,7000,2023-6-3 2-43-51, 
2300144,2300144,2,10004002,RF Fractional CO2 Laser - Accessories,6,1400,1600,6800,2023-6-3 2-43-51, 
2300145,2300145,1,10001000,Microneedling RF,1,31465,2465,29000,2023-6-3 2-44-8, 
2300145,2300145,2,10001001,Microneedling RF - HandPiece,2,4725,2450,7000,2023-6-3 2-44-8, 
2300146,2300146,1,10018001,SVTA Radio Hand Pice 1,3,1680,360,4680,2023-6-3 2-45-3, 
2300146,2300146,2,10018002,SVTA Radio Hand Pice 2,4,2100,300,8100,2023-6-3 2-45-3, 
2300147,2300147,1,10012000,Hydra-new,2,16800,280,33320,2023-6-3 2-45-24, 
2300147,2300147,2,10013000,Jumia,1,25200,3200,22000,2023-6-3 2-45-24, 
2300148,2300148,1,10018005,SVTA Radio Hand Pice 5,3,2240,240,6480,2023-6-3 2-45-59, 
2300148,2300148,2,10018006,SVTA Radio Hand Pice 6,2,2380,1760,3000,2023-6-3 2-45-59, 
2300149,2300149,1,10018000,SVTA Radio,1,25200,4400,20800,2023-6-3 2-46-18, 
2300149,2300149,2,10019000,VCA Laser,1,39200,320,38880,2023-6-3 2-46-18, 
2300150,2300150,1,10013000,Jumia,1,25200,2200,23000,2023-6-3 2-46-50, 
2300150,2300150,2,10014000,Konmision,1,39200,3200,36000,2023-6-3 2-46-50, 
2300151,2300151,1,10007000,Crio Lipo,1,36400,4400,32000,2023-6-3 2-47-5, 
2300151,2300151,2,10008001,DeodLeaser Hand Piece,5,2100,300,10200,2023-6-3 2-47-5, 
2300152,2300152,1,10006000,Caviation Laser,1,24500,6000,18500,2023-6-3 2-47-42, 
2300153,2300153,1,10003000,Portable Diode Laser Hair Removal Equipment,1,47180,6180,41000,2023-6-3 2-47-58, 
2300153,2300153,2,10003001,Portable Diode Laser Hair Removal Equipment - Hand Piece,1,6300,3900,2400,2023-6-3 2-47-58, 
2300154,2300154,1,10018001,SVTA Radio Hand Pice 1,3,1680,360,4680,2023-6-3 2-48-45, 
2300154,2300154,2,10018002,SVTA Radio Hand Pice 2,5,2100,300,10200,2023-6-3 2-48-45, 
2300155,2300155,1,10008001,DeodLeaser Hand Piece,4,2100,300,8100,2023-6-3 2-49-3, 
2300155,2300155,2,10008000,DeodLeaser,2,15400,3400,27400,2023-6-3 2-49-3, 
2300156,2300156,1,10018003,SVTA Radio Hand Pice 3,3,1960,880,5000,2023-6-3 2-49-29, 
2300156,2300156,2,10018004,SVTA Radio Hand Pice 4,4,1820,220,7060,2023-6-3 2-49-29, 
2300157,2300157,1,10019000,VCA Laser,1,39200,6200,33000,2023-6-3 2-49-50, 
2300157,2300157,2,10019001,VCA Leaser Hand Piece,2,40000,7500,72500,2023-6-3 2-49-50, 
2300158,2300158,1,10015000,Mickcara,1,43400,4400,39000,2023-6-3 2-50-34, 
2300158,2300158,2,10016000,My Ultrasonic,2,9800,3600,16000,2023-6-3 2-50-34, 
2300159,2300159,1,10011000,Hydra Fresh,1,74200,15400,58800,2023-6-3 2-51-7, 
2300159,2300159,2,10012000,Hydra-new,2,16800,3800,29800,2023-6-3 2-51-7, 
2300159,2300159,3,10013000,Jumia,1,25200,5200,20000,2023-6-3 2-51-7, 
2300160,2300160,1,10008001,DeodLeaser Hand Piece,5,2100,350,10150,2023-6-3 2-51-24, 
2300161,2300161,1,10017000,SPA Slim,2,8400,400,16400,2023-6-3 2-52-17, 
2300161,2300161,2,10018001,SVTA Radio Hand Pice 1,5,1680,360,8040,2023-6-3 2-52-17, 
2300162,2300162,1,10019000,VCA Laser,1,39200,9400,29800,2023-6-3 2-54-36, 
2300162,2300162,2,10019001,VCA Leaser Hand Piece,1,40000,4000,36000,2023-6-3 2-54-36, 
2300163,2300163,1,10016000,My Ultrasonic,2,9800,2600,17000,2023-6-3 3-4-18, 
2300164,2300164,1,10006000,Caviation Laser,1,24500,3500,21000,2023-6-3 3-5-26, 
2300164,2300164,2,10007000,Crio Lipo,1,36400,5400,31000,2023-6-3 3-5-26, 
2300164,2300164,3,10009001,G5 Slimming Applicators,5,2800,550,13450,2023-6-3 3-5-26, 
2300165,2300165,1,10019000,VCA Laser,1,39200,3200,36000,2023-6-3 3-5-58, 
2300165,2300165,2,10019001,VCA Leaser Hand Piece,1,40000,4000,36000,2023-6-3 3-5-58, 
2300166,2300166,1,10008000,DeodLeaser,2,15400,3400,27400,2023-6-3 3-6-19, 
2300166,2300166,2,10008001,DeodLeaser Hand Piece,3,2100,300,6000,2023-6-3 3-6-19, 
2300167,2300167,1,10001000,Microneedling RF,1,31465,3465,28000,2023-6-3 3-7-16, 
2300167,2300167,2,10001001,Microneedling RF - HandPiece,3,4725,2175,12000,2023-6-3 3-7-16, 
2300168,2300168,1,10004000,RF Fractional CO2 Laser,1,81900,3900,78000,2023-6-3 3-7-50, 
2300169,2300169,1,10018004,SVTA Radio Hand Pice 4,3,1820,200,5260,2023-6-3 3-8-13, 
2300169,2300169,2,10018005,SVTA Radio Hand Pice 5,2,2240,140,4340,2023-6-3 3-8-13, 
2300170,2300170,1,10018005,SVTA Radio Hand Pice 5,2,2240,4800,-320,2023-6-3 3-9-1, 
2300170,2300170,2,10018006,SVTA Radio Hand Pice 6,5,2380,0,11900,2023-6-3 3-9-1, 
2300170,2300170,3,10018007,SVTA Radio Hand Pice 7,3,2520,0,7560,2023-6-3 3-9-1, 
2300170,2300170,4,10018008,SVTA Radio Hand Pice 8,1,1400,0,1400,2023-6-3 3-9-1, 
2300170,2300170,5,10018000,SVTA Radio,2,25200,3200,47200,2023-6-3 3-9-1, 
2300171,2300171,1,10016000,My Ultrasonic,1,9800,1800,8000,2023-6-3 3-9-30, 
2300171,2300171,2,10017000,SPA Slim,2,8400,1400,15400,2023-6-3 3-9-30, 
2300172,2300172,1,10001000,Microneedling RF,2,31465,2465,60465,2023-6-3 3-10-11, 
2300172,2300172,2,10001001,Microneedling RF - HandPiece,1,4725,1450,3275,2023-6-3 3-10-11, 
2300172,2300172,3,10004001,RF Fractional CO2 Laser - Handpiece,2,7700,1700,13700,2023-6-3 3-10-11, 
2300172,2300172,4,10004002,RF Fractional CO2 Laser - Accessories,1,1400,400,1000,2023-6-3 3-10-11, 
2300173,2300173,1,10004001,RF Fractional CO2 Laser - Handpiece,2,7700,500,14900,2023-6-3 3-11-17, 
2300173,2300173,2,10004002,RF Fractional CO2 Laser - Accessories,1,1400,20,1380,2023-6-3 3-11-17, 
2300174,2300174,1,10011000,Hydra Fresh,1,74200,14200,60000,2023-6-3 3-12-8, 
2300174,2300174,2,10013000,Jumia,1,25200,5200,20000,2023-6-3 3-12-8, 
2300174,2300174,3,10016000,My Ultrasonic,2,9800,1600,18000,2023-6-3 3-12-8, 
2300175,2300175,1,10008000,DeodLeaser,2,15400,300,30500,2023-6-3 3-13-34, 
2300175,2300175,2,10009001,G5 Slimming Applicators,2,2800,255,5345,2023-6-3 3-13-34, 
2300175,2300175,3,10014000,Konmision,1,39200,1200,38000,2023-6-3 3-13-34, 
2300176,2300176,1,10004000,RF Fractional CO2 Laser,1,81900,2900,79000,2023-6-3 3-15-2, 
2300176,2300176,2,10004001,RF Fractional CO2 Laser - Handpiece,2,7700,300,15100,2023-6-3 3-15-2, 
2300177,2300177,1,10018004,SVTA Radio Hand Pice 4,5,1820,220,8880,2023-6-3 3-15-22, 
2300177,2300177,2,10018005,SVTA Radio Hand Pice 5,4,2240,240,8720,2023-6-3 3-15-22, 
2300178,2300178,1,10008000,DeodLeaser,1,15400,2400,13000,2023-6-3 3-16-32, 
2300178,2300178,2,10009001,G5 Slimming Applicators,3,2800,240,8160,2023-6-3 3-16-32, 
2300179,2300179,1,10018001,SVTA Radio Hand Pice 1,4,1680,280,6440,2023-6-3 3-18-4, 
2300179,2300179,2,10018000,SVTA Radio,1,25200,3200,22000,2023-6-3 3-18-4, 
2300180,2300180,1,10009000,G5 Slimming,1,51800,3800,48000,2023-6-3 3-19-52, 
2300180,2300180,2,10009001,G5 Slimming Applicators,3,2800,1400,7000,2023-6-3 3-19-52, 
2300180,2300180,3,10010000,Hiemt A,1,85400,4400,81000,2023-6-3 3-19-52, 
2300181,2300181,1,10001000,Microneedling RF,1,31465,2465,29000,2023-6-3 3-20-23, 
2300181,2300181,2,10001001,Microneedling RF - HandPiece,3,4725,2450,11725,2023-6-3 3-20-23, 
2300182,2300182,1,10007000,Crio Lipo,2,36400,4400,68400,2023-6-3 3-21-0, 
2300182,2300182,2,10008001,DeodLeaser Hand Piece,2,2100,300,3900,2023-6-3 3-21-0, 
2300183,2300183,1,10008000,DeodLeaser,2,15400,2400,28400,2023-6-3 3-21-24, 
2300183,2300183,2,10009001,G5 Slimming Applicators,2,2800,240,5360,2023-6-3 3-21-24, 
2300184,2300184,1,10018003,SVTA Radio Hand Pice 3,2,1960,1880,2040,2023-6-3 3-21-55, 
2300184,2300184,2,10018004,SVTA Radio Hand Pice 4,3,1820,320,5140,2023-6-3 3-21-55, 
2300185,2300185,1,10018001,SVTA Radio Hand Pice 1,1,1680,360,1320,2023-6-3 3-22-17, 
2300185,2300185,2,10018002,SVTA Radio Hand Pice 2,2,2100,300,3900,2023-6-3 3-22-17, 
2300186,2300186,1,10004001,RF Fractional CO2 Laser - Handpiece,2,7700,700,14700,2023-6-3 3-23-4, 
2300186,2300186,2,10004002,RF Fractional CO2 Laser - Accessories,6,1400,1600,6800,2023-6-3 3-23-4, 
2300187,2300187,1,10018007,SVTA Radio Hand Pice 7,3,2520,500,7060,2023-6-3 3-23-49, 
2300187,2300187,2,10018008,SVTA Radio Hand Pice 8,2,1400,30,2770,2023-6-3 3-23-49, 
2300187,2300187,3,10018000,SVTA Radio,2,25200,3200,47200,2023-6-3 3-23-49, 
2300188,2300188,1,10018001,SVTA Radio Hand Pice 1,2,1680,280,3080,2023-6-3 3-24-6, 
2300188,2300188,2,10018000,SVTA Radio,1,25200,3200,22000,2023-6-3 3-24-6, 
2300189,2300189,1,10006000,Caviation Laser,1,24500,6000,18500,2023-6-3 3-24-37, 
2300190,2300190,1,10019000,VCA Laser,1,39200,3200,36000,2023-6-3 3-26-11, 
2300190,2300190,2,10019001,VCA Leaser Hand Piece,1,40000,4000,36000,2023-6-3 3-26-11, 
2300191,2300191,1,10011000,Hydra Fresh,1,74200,14200,60000,2023-6-3 3-26-27, 
2300191,2300191,2,10013000,Jumia,1,25200,5200,20000,2023-6-3 3-26-27, 
2300191,2300191,3,10016000,My Ultrasonic,3,9800,1600,27800,2023-6-3 3-26-27, 
2300192,2300192,1,10008001,DeodLeaser Hand Piece,3,2100,300,6000,2023-6-3 3-27-50, 
2300193,2300193,1,10018005,SVTA Radio Hand Pice 5,3,2240,240,6480,2023-6-3 3-28-14, 
2300193,2300193,2,10018006,SVTA Radio Hand Pice 6,1,2380,1760,620,2023-6-3 3-28-14, 
2300194,2300194,1,10018000,SVTA Radio,1,25200,4400,20800,2023-6-3 3-29-6, 
2300194,2300194,2,10019000,VCA Laser,1,39200,320,38880,2023-6-3 3-29-6, 
2300195,2300195,1,10009000,G5 Slimming,1,51800,3800,48000,2023-6-3 3-30-0, 
2300195,2300195,2,10009001,G5 Slimming Applicators,4,2800,1400,9800,2023-6-3 3-30-0, 
2300195,2300195,3,10010000,Hiemt A,1,85400,4400,81000,2023-6-3 3-30-0, 
2300196,2300196,1,10018004,SVTA Radio Hand Pice 4,2,1820,220,3420,2023-6-3 3-30-28, 
2300196,2300196,2,10018005,SVTA Radio Hand Pice 5,2,2240,240,4240,2023-6-3 3-30-28, 
2300197,2300197,1,10008001,DeodLeaser Hand Piece,4,2100,300,8100,2023-6-3 3-31-1, 
2300197,2300197,2,10008000,DeodLeaser,2,15400,3400,27400,2023-6-3 3-31-1, 
2300198,2300198,1,10003000,Portable Diode Laser Hair Removal Equipment,2,47180,6180,88180,2023-6-3 3-31-25, 
2300198,2300198,2,10003001,Portable Diode Laser Hair Removal Equipment - Hand Piece,2,6300,3900,8700,2023-6-3 3-31-25, 
2300199,2300199,1,10013000,Jumia,1,25200,2200,23000,2023-6-3 3-31-42, 
2300199,2300199,2,10014000,Konmision,1,39200,3200,36000,2023-6-3 3-31-42, 
2300200,2300200,1,10007000,Crio Lipo,1,36400,3400,33000,2023-6-3 3-32-3, 
2300200,2300200,2,10008001,DeodLeaser Hand Piece,3,2100,1300,5000,2023-6-3 3-32-3, 
2300201,2300201,1,10019000,VCA Laser,1,39200,3200,36000,2023-6-3 3-32-19, 
2300201,2300201,2,10019001,VCA Leaser Hand Piece,1,40000,4000,36000,2023-6-3 3-32-19, 
2300202,2300202,1,10008001,DeodLeaser Hand Piece,2,2100,300,3900,2023-6-3 3-32-47, 
2300203,2300203,1,10018000,SVTA Radio,1,25200,500,24700,2023-6-3 3-33-30, 
2300203,2300203,2,10018001,SVTA Radio Hand Pice 1,3,1680,180,4860,2023-6-3 3-33-30, 
2300203,2300203,3,10018002,SVTA Radio Hand Pice 2,2,2100,200,4000,2023-6-3 3-33-30, 
2300203,2300203,4,10018003,SVTA Radio Hand Pice 3,2,1960,190,3730,2023-6-3 3-33-30, 
2300203,2300203,5,10018004,SVTA Radio Hand Pice 4,2,1820,220,3420,2023-6-3 3-33-30, 
2300204,2300204,1,10017000,SPA Slim,2,8400,400,16400,2023-6-3 3-34-52, 
2300204,2300204,2,10018001,SVTA Radio Hand Pice 1,3,1680,360,4680,2023-6-3 3-34-52, 
2300205,2300205,1,10008001,DeodLeaser Hand Piece,3,2100,350,5950,2023-6-3 3-35-13, 
2300206,2300206,1,10012000,Hydra-new,1,16800,280,16520,2023-6-3 3-35-46, 
2300206,2300206,2,10013000,Jumia,1,25200,3200,22000,2023-6-3 3-35-46, 
2300207,2300207,1,10018007,SVTA Radio Hand Pice 7,1,2520,1040,1480,2023-6-3 3-36-18, 
2300207,2300207,2,10018008,SVTA Radio Hand Pice 8,5,1400,350,6650,2023-6-3 3-36-18, 
2300208,2300208,1,10006000,Caviation Laser,2,24500,3500,45500,2023-6-3 3-36-43, 
2300208,2300208,2,10007000,Crio Lipo,1,36400,5400,31000,2023-6-3 3-36-43, 
2300208,2300208,3,10009001,G5 Slimming Applicators,3,2800,550,7850,2023-6-3 3-36-43, 
2300209,2300209,1,10018007,SVTA Radio Hand Pice 7,1,2520,1040,1480,2023-6-3 3-37-7, 
2300209,2300209,2,10018008,SVTA Radio Hand Pice 8,2,1400,350,2450,2023-6-3 3-37-7, 
2300210,2300210,1,10018003,SVTA Radio Hand Pice 3,2,1960,1880,2040,2023-6-3 3-37-33, 
2300210,2300210,2,10018004,SVTA Radio Hand Pice 4,3,1820,320,5140,2023-6-3 3-37-33, 
2300211,2300211,1,10004000,RF Fractional CO2 Laser,1,81900,3900,78000,2023-6-3 3-38-47, 
2300212,2300212,1,10001000,Microneedling RF,2,31465,3465,59465,2023-6-3 3-39-17, 
2300212,2300212,2,10001001,Microneedling RF - HandPiece,2,4725,2175,7275,2023-6-3 3-39-17, 
2300213,2300213,1,10018004,SVTA Radio Hand Pice 4,3,1820,200,5260,2023-6-3 3-39-37, 
2300213,2300213,2,10018005,SVTA Radio Hand Pice 5,2,2240,140,4340,2023-6-3 3-39-37, 
2300214,2300214,1,10008000,DeodLeaser,1,15400,3400,12000,2023-6-3 3-40-21, 
2300214,2300214,2,10008001,DeodLeaser Hand Piece,2,2100,300,3900,2023-6-3 3-40-21, 
2300215,2300215,1,10018005,SVTA Radio Hand Pice 5,3,2240,4800,1920,2023-6-3 3-40-44, 
2300215,2300215,2,10018006,SVTA Radio Hand Pice 6,2,2380,0,4760,2023-6-3 3-40-44, 
2300215,2300215,3,10018007,SVTA Radio Hand Pice 7,2,2520,0,5040,2023-6-3 3-40-44, 
2300215,2300215,4,10018008,SVTA Radio Hand Pice 8,2,1400,0,2800,2023-6-3 3-40-44, 
2300215,2300215,5,10018000,SVTA Radio,2,25200,3200,47200,2023-6-3 3-40-44, 
2300216,2300216,1,10004000,RF Fractional CO2 Laser,1,81900,2900,79000,2023-6-3 3-41-14, 
2300216,2300216,2,10004001,RF Fractional CO2 Laser - Handpiece,3,7700,300,22800,2023-6-3 3-41-14, 
2300217,2300217,1,10001000,Microneedling RF,1,31465,2465,29000,2023-6-3 3-41-55, 
2300217,2300217,2,10001001,Microneedling RF - HandPiece,2,4725,650,8800,2023-6-3 3-41-55, 
2300218,2300218,1,10001000,Microneedling RF,1,31465,2465,29000,2023-6-3 3-44-41, 
2300218,2300218,2,10001001,Microneedling RF - HandPiece,5,4725,1450,22175,2023-6-3 3-44-41, 
2300218,2300218,3,10004001,RF Fractional CO2 Laser - Handpiece,1,7700,1700,6000,2023-6-3 3-44-41, 
2300218,2300218,4,10004002,RF Fractional CO2 Laser - Accessories,3,1400,400,3800,2023-6-3 3-44-41, 
2300219,2300219,1,10018003,SVTA Radio Hand Pice 3,4,1960,880,6960,2023-6-3 3-44-55, 
2300219,2300219,2,10018004,SVTA Radio Hand Pice 4,2,1820,220,3420,2023-6-3 3-44-55, 
2300220,2300220,1,10011000,Hydra Fresh,1,74200,15400,58800,2023-6-3 3-45-18, 
2300220,2300220,2,10012000,Hydra-new,2,16800,3800,29800,2023-6-3 3-45-18, 
2300220,2300220,3,10013000,Jumia,2,25200,5200,45200,2023-6-3 3-45-18, 
2300221,2300221,1,10001000,Microneedling RF,1,31465,2465,29000,2023-6-3 3-45-37, 
2300221,2300221,2,10001001,Microneedling RF - HandPiece,3,4725,650,13525,2023-6-3 3-45-37, 
2300222,2300222,1,10018007,SVTA Radio Hand Pice 7,2,2520,500,4540,2023-6-3 3-46-32, 
2300222,2300222,2,10018008,SVTA Radio Hand Pice 8,4,1400,30,5570,2023-6-3 3-46-32, 
2300222,2300222,3,10018000,SVTA Radio,1,25200,3200,22000,2023-6-3 3-46-32, 
2300223,2300223,1,10018001,SVTA Radio Hand Pice 1,5,1680,280,8120,2023-6-3 3-46-46, 
2300223,2300223,2,10018000,SVTA Radio,1,25200,3200,22000,2023-6-3 3-46-46, 
2300224,2300224,1,10008000,DeodLeaser,1,15400,300,15100,2023-6-3 3-47-1, 
2300224,2300224,2,10009001,G5 Slimming Applicators,4,2800,255,10945,2023-6-3 3-47-1, 
2300224,2300224,3,10014000,Konmision,1,39200,1200,38000,2023-6-3 3-47-1, 
2300225,2300225,1,10007000,Crio Lipo,1,36400,4400,32000,2023-6-3 3-47-20, 
2300225,2300225,2,10008001,DeodLeaser Hand Piece,5,2100,300,10200,2023-6-3 3-47-20, 
2300226,2300226,1,10018000,SVTA Radio,1,25200,500,24700,2023-6-3 3-47-38, 
2300226,2300226,2,10018001,SVTA Radio Hand Pice 1,2,1680,180,3180,2023-6-3 3-47-38, 
2300226,2300226,3,10018002,SVTA Radio Hand Pice 2,3,2100,200,6100,2023-6-3 3-47-38, 
2300226,2300226,4,10018003,SVTA Radio Hand Pice 3,2,1960,190,3730,2023-6-3 3-47-38, 
2300226,2300226,5,10018004,SVTA Radio Hand Pice 4,3,1820,220,5240,2023-6-3 3-47-38, 
2300227,2300227,1,10007000,Crio Lipo,1,36400,3400,33000,2023-6-3 3-48-17, 
2300227,2300227,2,10008001,DeodLeaser Hand Piece,4,2100,1300,7100,2023-6-3 3-48-17, 
2300228,2300228,1,10016000,My Ultrasonic,1,9800,2600,7200,2023-6-3 3-48-43, 
2300229,2300229,1,10018001,SVTA Radio Hand Pice 1,4,1680,360,6360,2023-6-3 3-49-5, 
2300229,2300229,2,10018002,SVTA Radio Hand Pice 2,3,2100,300,6000,2023-6-3 3-49-5, 
2300230,2300230,1,10019000,VCA Laser,1,39200,3200,36000,2023-6-3 3-49-19, 
2300230,2300230,2,10019001,VCA Leaser Hand Piece,1,40000,4000,36000,2023-6-3 3-49-19, 
2300231,2300231,1,10015000,Mickcara,1,43400,4400,39000,2023-6-3 3-49-38, 
2300231,2300231,2,10016000,My Ultrasonic,3,9800,3600,25800,2023-6-3 3-49-38, 
2300232,2300232,1,10019000,VCA Laser,1,39200,6200,33000,2023-6-3 3-50-9, 
2300232,2300232,2,10019001,VCA Leaser Hand Piece,2,40000,7500,72500,2023-6-3 3-50-9, 
2300233,2300233,1,10018004,SVTA Radio Hand Pice 4,5,1820,220,8880,2023-6-3 3-50-23, 
2300233,2300233,2,10018005,SVTA Radio Hand Pice 5,4,2240,240,8720,2023-6-3 3-50-23, 
2300234,2300234,1,10019000,VCA Laser,1,39200,9400,29800,2023-6-3 3-50-50, 
2300234,2300234,2,10019001,VCA Leaser Hand Piece,1,40000,4000,36000,2023-6-3 3-50-50, 
2300235,2300235,1,10016000,My Ultrasonic,2,9800,1800,17800,2023-6-3 3-51-10, 
2300235,2300235,2,10017000,SPA Slim,1,8400,1400,7000,2023-6-3 3-51-10, 
2300236,2300236,1,10008000,DeodLeaser,1,15400,2400,13000,2023-6-3 3-51-45, 
2300236,2300236,2,10009001,G5 Slimming Applicators,3,2800,240,8160,2023-6-3 3-51-45, 
2300237,2300237,1,10004001,RF Fractional CO2 Laser - Handpiece,1,7700,500,7200,2023-6-3 3-52-0, 
2300237,2300237,2,10004002,RF Fractional CO2 Laser - Accessories,5,1400,20,6980,2023-6-3 3-52-0, 
2300238,2300238,1,10004001,RF Fractional CO2 Laser - Handpiece,1,7700,700,7000,2023-6-3 3-52-53, 
2300238,2300238,2,10004002,RF Fractional CO2 Laser - Accessories,7,1400,1600,8200,2023-6-3 3-52-53, 
2300239,2300239,1,10009000,G5 Slimming,1,51800,3800,48000,2023-6-3 3-53-9, 
2300239,2300239,2,10009001,G5 Slimming Applicators,3,2800,1400,7000,2023-6-3 3-53-9, 
2300239,2300239,3,10010000,Hiemt A,1,85400,4400,81000,2023-6-3 3-53-9, 
2300240,2300240,1,10011000,Hydra Fresh,1,74200,13000,61200,2023-6-3 3-53-30, 
2300240,2300240,2,10013000,Jumia,2,25200,5200,45200,2023-6-3 3-53-30, 
2300240,2300240,3,10016000,My Ultrasonic,2,9800,1600,18000,2023-6-3 3-53-30, 
2300241,2300241,1,10008001,DeodLeaser Hand Piece,4,2100,300,8100,2023-6-3 3-53-43, 
2300241,2300241,2,10008000,DeodLeaser,2,15400,3400,27400,2023-6-3 3-53-43, 
2300242,2300242,1,10013000,Jumia,1,25200,2200,23000,2023-6-3 3-54-5, 
2300242,2300242,2,10014000,Konmision,1,39200,3200,36000,2023-6-3 3-54-5, 
2300243,2300243,1,10018003,SVTA Radio Hand Pice 3,3,1960,880,5000,2023-6-3 3-54-22, 
2300243,2300243,2,10018004,SVTA Radio Hand Pice 4,5,1820,220,8880,2023-6-3 3-54-22, 
2300244,2300244,1,10012000,Hydra-new,1,16800,280,16520,2023-6-3 3-54-38, 
2300244,2300244,2,10013000,Jumia,1,25200,3200,22000,2023-6-3 3-54-38, 
2300245,2300245,1,10018005,SVTA Radio Hand Pice 5,4,2240,240,8720,2023-6-3 3-54-55, 
2300245,2300245,2,10018006,SVTA Radio Hand Pice 6,2,2380,1760,3000,2023-6-3 3-54-55, 
2300246,2300246,1,10001000,Microneedling RF,1,31465,2465,29000,2023-6-3 3-55-7, 
2300246,2300246,2,10001001,Microneedling RF - HandPiece,2,4725,2450,7000,2023-6-3 3-55-7, 
2300247,2300247,1,10018001,SVTA Radio Hand Pice 1,3,1680,360,4680,2023-6-3 3-55-21, 
2300247,2300247,2,10018002,SVTA Radio Hand Pice 2,4,2100,300,8100,2023-6-3 3-55-21, 
2300248,2300248,1,10019000,VCA Laser,1,39200,3200,36000,2023-6-3 3-56-14, 
2300248,2300248,2,10019001,VCA Leaser Hand Piece,1,40000,4000,36000,2023-6-3 3-56-14, 
2300249,2300249,1,10019000,VCA Laser,1,39200,6200,33000,2023-6-3 3-57-2, 
2300249,2300249,2,10019001,VCA Leaser Hand Piece,2,40000,7500,72500,2023-6-3 3-57-2, 
2300250,2300250,1,10016000,My Ultrasonic,2,9800,2600,17000,2023-6-3 3-57-21, 
2300251,2300251,1,10015000,Mickcara,1,43400,4400,39000,2023-6-3 3-57-33, 
2300251,2300251,2,10016000,My Ultrasonic,2,9800,3600,16000,2023-6-3 3-57-33, 
2300252,2300252,1,10011000,Hydra Fresh,2,74200,15400,133000,2023-6-3 3-57-48, 
2300252,2300252,2,10012000,Hydra-new,1,16800,3800,13000,2023-6-3 3-57-48, 
2300252,2300252,3,10013000,Jumia,1,25200,5200,20000,2023-6-3 3-57-48, 
2300253,2300253,1,10008001,DeodLeaser Hand Piece,5,2100,350,10150,2023-6-3 3-57-59, 
2300254,2300254,1,10019000,VCA Laser,2,39200,9400,69000,2023-6-3 3-58-12, 
2300254,2300254,2,10019001,VCA Leaser Hand Piece,1,40000,4000,36000,2023-6-3 3-58-12, 
2300255,2300255,1,10018003,SVTA Radio Hand Pice 3,2,1960,1880,2040,2023-6-3 3-58-30, 
2300255,2300255,2,10018004,SVTA Radio Hand Pice 4,3,1820,320,5140,2023-6-3 3-58-30, 
2300256,2300256,1,10001000,Microneedling RF,1,31465,3465,28000,2023-6-3 3-58-49, 
2300256,2300256,2,10001001,Microneedling RF - HandPiece,2,4725,2175,7275,2023-6-3 3-58-49, 
2300257,2300257,1,10004000,RF Fractional CO2 Laser,1,81900,3900,78000,2023-6-3 3-59-5, 
2300258,2300258,1,10008000,DeodLeaser,1,15400,3400,12000,2023-6-3 3-59-25, 
2300258,2300258,2,10008001,DeodLeaser Hand Piece,3,2100,300,6000,2023-6-3 3-59-25, 
2300259,2300259,1,10008001,DeodLeaser Hand Piece,2,2100,300,3900,2023-6-3 3-59-46, 
2300260,2300260,1,10003000,Portable Diode Laser Hair Removal Equipment,1,47180,6180,41000,2023-6-3 4-0-4, 
2300260,2300260,2,10003001,Portable Diode Laser Hair Removal Equipment - Hand Piece,3,6300,3900,15000,2023-6-3 4-0-4, 
2300261,2300261,1,10018000,SVTA Radio,1,25200,4400,20800,2023-6-3 4-0-24, 
2300261,2300261,2,10019000,VCA Laser,2,39200,320,78080,2023-6-3 4-0-24, 
2300262,2300262,1,10007000,Crio Lipo,1,36400,3400,33000,2023-6-3 4-0-43, 
2300262,2300262,2,10008001,DeodLeaser Hand Piece,3,2100,1300,5000,2023-6-3 4-0-43, 
2300263,2300263,1,10006000,Caviation Laser,1,24500,6000,18500,2023-6-3 4-0-58, 
2300264,2300264,1,10019000,VCA Laser,1,39200,3200,36000,2023-6-3 4-2-11, 
2300264,2300264,2,10019001,VCA Leaser Hand Piece,1,40000,4000,36000,2023-6-3 4-2-11, 
2300265,2300265,1,10018001,SVTA Radio Hand Pice 1,5,1680,360,8040,2023-6-3 4-2-41, 
2300265,2300265,2,10018002,SVTA Radio Hand Pice 2,5,2100,300,10200,2023-6-3 4-2-41, 
2300266,2300266,1,10018004,SVTA Radio Hand Pice 4,5,1820,200,8900,2023-6-3 4-3-8, 
2300266,2300266,2,10018005,SVTA Radio Hand Pice 5,1,2240,140,2100,2023-6-3 4-3-8, 
2300267,2300267,1,10018007,SVTA Radio Hand Pice 7,3,2520,1040,6520,2023-6-3 4-3-27, 
2300267,2300267,2,10018008,SVTA Radio Hand Pice 8,4,1400,350,5250,2023-6-3 4-3-27, 
2300268,2300268,1,10016000,My Ultrasonic,2,9800,1800,17800,2023-6-3 4-4-7, 
2300268,2300268,2,10017000,SPA Slim,2,8400,1400,15400,2023-6-3 4-4-7, 
