id,soRef,sno,itmCod,desc,qty,price,disc,tot,vat,traDate,action
2300001,2300001,1,10008000,DeodLeaser,1,15400,2400,13650.0,650.0,2023-5-28 15-11-39, 
2300001,2300001,2,10009001,G5 Slimming Applicators,1,2800,240,2688.0,128.0,2023-5-28 15-11-39, 
2300002,2300002,1,10004001,RF Fractional CO2 Laser - Handpiece,1,7700,500,7560.0,360.0,2023-5-28 15-11-47, 
2300002,2300002,2,10004002,RF Fractional CO2 Laser - Accessories,2,1400,20,2919.0,139.0,2023-5-28 15-11-47, 
2300003,2300003,1,10018007,SVTA Radio Hand Pice 7,2,2520,500,4767.0,227.0,2023-5-28 15-11-54, 
2300003,2300003,2,10018008,SVTA Radio Hand Pice 8,1,1400,30,1438.5,68.5,2023-5-28 15-11-54, 
2300003,2300003,3,10018000,SVTA Radio,1,25200,3200,23100.0,1100.0,2023-5-28 15-11-54, 
2300004,2300004,1,10018001,SVTA Radio Hand Pice 1,2,1680,360,3150.0,150.0,2023-5-28 15-12-2, 
2300004,2300004,2,10018002,SVTA Radio Hand Pice 2,1,2100,300,1890.0,90.0,2023-5-28 15-12-2, 
2300005,2300005,1,10017000,SPA Slim,1,8400,400,8400.0,400.0,2023-5-28 15-12-10, 
2300005,2300005,2,10018001,SVTA Radio Hand Pice 1,2,1680,360,3150.0,150.0,2023-5-28 15-12-10, 
2300006,2300006,1,10001000,Microneedling RF,1,31465,2465,30450.0,1450.0,2023-6-7 1-52-9, 
2300006,2300006,2,10001001,Microneedling RF - HandPiece,2,4725,1450,8400.0,400.0,2023-6-7 1-52-9, 
2300006,2300006,3,10004001,RF Fractional CO2 Laser - Handpiece,1,7700,1700,6300.0,300.0,2023-6-7 1-52-9, 
2300006,2300006,4,10004002,RF Fractional CO2 Laser - Accessories,2,1400,400,2520.0,120.0,2023-6-7 1-52-9, 
2300007,2300007,1,10008000,DeodLeaser,1,15400,300,15855.0,755.0,2023-5-28 15-12-24, 
2300007,2300007,2,10009001,G5 Slimming Applicators,1,2800,255,2672.25,127.25,2023-5-28 15-12-24, 
2300007,2300007,3,10014000,Konmision,1,39200,1200,39900.0,1900.0,2023-5-28 15-12-24, 
2300008,2300008,1,10004001,RF Fractional CO2 Laser - Handpiece,1,7700,700,7350.0,350.0,2023-5-28 15-12-31, 
2300008,2300008,2,10004002,RF Fractional CO2 Laser - Accessories,4,1400,1600,4200.0,200.0,2023-5-28 15-12-31, 
2300009,2300009,1,10004000,RF Fractional CO2 Laser,1,81900,2900,82950.0,3950.0,2023-5-28 15-12-37, 
2300009,2300009,2,10004001,RF Fractional CO2 Laser - Handpiece,1,7700,300,7770.0,370.0,2023-5-28 15-12-37, 
2300010,2300010,1,10018003,SVTA Radio Hand Pice 3,3,1960,1880,4200.0,200.0,2023-5-28 15-12-42, 
2300010,2300010,2,10018004,SVTA Radio Hand Pice 4,1,1820,320,1575.0,75.0,2023-5-28 15-12-42, 
2300011,2300011,1,10001000,Microneedling RF,1,31465,2465,30450.0,1450.0,2023-5-28 15-12-48, 
2300011,2300011,2,10001001,Microneedling RF - HandPiece,1,4725,650,4278.75,203.75,2023-5-28 15-12-48, 
2300012,2300012,1,10007000,Crio Lipo,1,36400,3400,34650.0,1650.0,2023-5-28 15-12-57, 
2300012,2300012,2,10008001,DeodLeaser Hand Piece,3,2100,1300,5250.0,250.0,2023-5-28 15-12-57, 
2300013,2300013,1,10018004,SVTA Radio Hand Pice 4,1,1820,220,1680.0,80.0,2023-5-28 15-13-2, 
2300013,2300013,2,10018005,SVTA Radio Hand Pice 5,1,2240,240,2100.0,100.0,2023-5-28 15-13-2, 
2300014,2300014,1,10006000,Caviation Laser,2,24500,6000,45150.0,2150.0,2023-5-28 15-13-8, 
2300015,2300015,1,10007000,Crio Lipo,1,36400,4400,33600.0,1600.0,2023-5-28 15-13-13, 
2300015,2300015,2,10008001,DeodLeaser Hand Piece,1,2100,300,1890.0,90.0,2023-5-28 15-13-13, 
2300016,2300016,1,10018000,SVTA Radio,1,25200,500,25935.0,1235.0,2023-5-28 15-13-18, 
2300016,2300016,2,10018001,SVTA Radio Hand Pice 1,1,1680,180,1575.0,75.0,2023-5-28 15-13-18, 
2300016,2300016,3,10018002,SVTA Radio Hand Pice 2,1,2100,200,1995.0,95.0,2023-5-28 15-13-18, 
2300016,2300016,4,10018003,SVTA Radio Hand Pice 3,1,1960,190,1858.5,88.5,2023-5-28 15-13-18, 
2300016,2300016,5,10018004,SVTA Radio Hand Pice 4,1,1820,220,1680.0,80.0,2023-5-28 15-13-18, 
2300017,2300017,1,10011000,Hydra Fresh,1,74200,14200,63000.0,3000.0,2023-5-28 15-13-24, 
2300017,2300017,2,10013000,Jumia,1,25200,5200,21000.0,1000.0,2023-5-28 15-13-24, 
2300017,2300017,3,10016000,My Ultrasonic,2,9800,1600,18900.0,900.0,2023-5-28 15-13-24, 
2300018,2300018,1,10012000,Hydra-new,1,16800,280,17346.0,826.0,2023-5-28 15-13-29, 
2300018,2300018,2,10013000,Jumia,1,25200,3200,23100.0,1100.0,2023-5-28 15-13-29, 
2300019,2300019,1,10003000,Portable Diode Laser Hair Removal Equipment,1,47180,6180,43050.0,2050.0,2023-5-28 15-13-35, 
2300019,2300019,2,10003001,Portable Diode Laser Hair Removal Equipment - Hand Piece,3,6300,3900,15750.0,750.0,2023-5-28 15-13-35, 
2300020,2300020,1,10019000,VCA Laser,1,39200,3200,37800.0,1800.0,2023-5-28 15-13-40, 
2300020,2300020,2,10019001,VCA Leaser Hand Piece,1,40000,4000,37800.0,1800.0,2023-5-28 15-13-40, 
2300021,2300021,1,10018003,SVTA Radio Hand Pice 3,3,1960,880,5250.0,250.0,2023-5-28 15-13-46, 
2300021,2300021,2,10018004,SVTA Radio Hand Pice 4,1,1820,220,1680.0,80.0,2023-5-28 15-13-46, 
2300022,2300022,1,10001000,Microneedling RF,1,31465,2465,30450.0,1450.0,2023-5-28 15-13-52, 
2300022,2300022,2,10001001,Microneedling RF - HandPiece,2,4725,2450,7350.0,350.0,2023-5-28 15-13-52, 
2300023,2300023,1,10018005,SVTA Radio Hand Pice 5,1,2240,240,2100.0,100.0,2023-5-28 15-14-0, 
2300023,2300023,2,10018006,SVTA Radio Hand Pice 6,2,2380,1760,3150.0,150.0,2023-5-28 15-14-0, 
2300024,2300024,1,10016000,My Ultrasonic,2,9800,2600,17850.0,850.0,2023-5-28 15-14-11, 
2300025,2300025,1,10018000,SVTA Radio,2,25200,4400,48300.0,2300.0,2023-5-28 15-14-16, 
2300025,2300025,2,10019000,VCA Laser,1,39200,320,40824.0,1944.0,2023-5-28 15-14-16, 
2300026,2300026,1,10018001,SVTA Radio Hand Pice 1,2,1680,360,3150.0,150.0,2023-5-28 15-14-23, 
2300026,2300026,2,10018002,SVTA Radio Hand Pice 2,1,2100,300,1890.0,90.0,2023-5-28 15-14-23, 
2300027,2300027,1,10018001,SVTA Radio Hand Pice 1,1,1680,280,1470.0,70.0,2023-5-28 15-14-31, 
2300027,2300027,2,10018000,SVTA Radio,1,25200,3200,23100.0,1100.0,2023-5-28 15-14-31, 
2300028,2300028,1,10019000,VCA Laser,2,39200,9400,72450.0,3450.0,2023-5-28 15-14-39, 
2300028,2300028,2,10019001,VCA Leaser Hand Piece,1,40000,4000,37800.0,1800.0,2023-5-28 15-14-39, 
2300029,2300029,1,10004000,RF Fractional CO2 Laser,1,81900,3900,81900.0,3900.0,2023-5-28 15-14-48, 
2300030,2300030,1,10009000,G5 Slimming,1,51800,3800,50400.0,2400.0,2023-5-28 15-14-54, 
2300030,2300030,2,10009001,G5 Slimming Applicators,3,2800,1400,7350.0,350.0,2023-5-28 15-14-54, 
2300030,2300030,3,10010000,Hiemt A,1,85400,4400,85050.0,4050.0,2023-5-28 15-14-54, 
2300031,2300031,1,10008001,DeodLeaser Hand Piece,2,2100,350,4042.5,192.5,2023-5-28 15-15-7, 
2300032,2300032,1,10008001,DeodLeaser Hand Piece,2,2100,300,4095.0,195.0,2023-5-28 15-15-13, 
2300032,2300032,2,10008000,DeodLeaser,1,15400,3400,12600.0,600.0,2023-5-28 15-15-13, 
2300033,2300033,1,10008001,DeodLeaser Hand Piece,2,2100,300,4095.0,195.0,2023-5-28 15-15-21, 
2300034,2300034,1,10008000,DeodLeaser,1,15400,3400,12600.0,600.0,2023-5-28 15-15-26, 
2300034,2300034,2,10008001,DeodLeaser Hand Piece,1,2100,300,1890.0,90.0,2023-5-28 15-15-26, 
2300035,2300035,1,10015000,Mickcara,1,43400,4400,40950.0,1950.0,2023-5-28 15-15-32, 
2300035,2300035,2,10016000,My Ultrasonic,2,9800,3600,16800.0,800.0,2023-5-28 15-15-32, 
2300036,2300036,1,10004001,RF Fractional CO2 Laser - Handpiece,2,7700,500,15645.0,745.0,2023-5-28 15-15-39, 
2300036,2300036,2,10004002,RF Fractional CO2 Laser - Accessories,3,1400,20,4389.0,209.0,2023-5-28 15-15-39, 
2300037,2300037,1,10019000,VCA Laser,1,39200,6200,34650.0,1650.0,2023-5-28 15-15-43, 
2300037,2300037,2,10019001,VCA Leaser Hand Piece,2,40000,7500,76125.0,3625.0,2023-5-28 15-15-43, 
2300038,2300038,1,10004000,RF Fractional CO2 Laser,2,81900,2900,168945.0,8045.0,2023-5-28 15-15-50, 
2300038,2300038,2,10004001,RF Fractional CO2 Laser - Handpiece,1,7700,300,7770.0,370.0,2023-5-28 15-15-50, 
2300039,2300039,1,10013000,Jumia,1,25200,2200,24150.0,1150.0,2023-5-28 15-15-55, 
2300039,2300039,2,10014000,Konmision,1,39200,3200,37800.0,1800.0,2023-5-28 15-15-55, 
2300040,2300040,1,10019000,VCA Laser,1,39200,3200,37800.0,1800.0,2023-5-28 15-16-2, 
2300040,2300040,2,10019001,VCA Leaser Hand Piece,1,40000,4000,37800.0,1800.0,2023-5-28 15-16-2, 
2300041,2300041,1,10018004,SVTA Radio Hand Pice 4,3,1820,220,5502.0,262.0,2023-5-28 15-16-10, 
2300041,2300041,2,10018005,SVTA Radio Hand Pice 5,3,2240,240,6804.0,324.0,2023-5-28 15-16-10, 
2300042,2300042,1,10018001,SVTA Radio Hand Pice 1,3,1680,280,4998.0,238.0,2023-5-28 15-16-16, 
2300042,2300042,2,10018000,SVTA Radio,1,25200,3200,23100.0,1100.0,2023-5-28 15-16-16, 
2300043,2300043,1,10011000,Hydra Fresh,2,74200,15400,139650.0,6650.0,2023-5-28 15-16-21, 
2300043,2300043,2,10012000,Hydra-new,1,16800,3800,13650.0,650.0,2023-5-28 15-16-21, 
2300043,2300043,3,10013000,Jumia,1,25200,5200,21000.0,1000.0,2023-5-28 15-16-21, 
2300044,2300044,1,10018004,SVTA Radio Hand Pice 4,1,1820,200,1701.0,81.0,2023-5-28 15-16-27, 
2300044,2300044,2,10018005,SVTA Radio Hand Pice 5,1,2240,140,2205.0,105.0,2023-5-28 15-16-27, 
2300045,2300045,1,10006000,Caviation Laser,1,24500,3500,22050.0,1050.0,2023-5-28 15-16-32, 
2300045,2300045,2,10007000,Crio Lipo,1,36400,5400,32550.0,1550.0,2023-5-28 15-16-32, 
2300045,2300045,3,10009001,G5 Slimming Applicators,2,2800,550,5302.5,252.5,2023-5-28 15-16-32, 
2300046,2300046,1,10008000,DeodLeaser,1,15400,2400,13650.0,650.0,2023-5-28 15-16-37, 
2300046,2300046,2,10009001,G5 Slimming Applicators,1,2800,240,2688.0,128.0,2023-5-28 15-16-37, 
2300047,2300047,1,10001000,Microneedling RF,1,31465,3465,29400.0,1400.0,2023-5-28 15-16-42, 
2300047,2300047,2,10001001,Microneedling RF - HandPiece,3,4725,2175,12600.0,600.0,2023-5-28 15-16-42, 
2300048,2300048,1,10001000,Microneedling RF,1,31465,2465,30450.0,1450.0,2023-5-28 15-17-12, 
2300048,2300048,2,10001001,Microneedling RF - HandPiece,1,4725,2450,2388.75,113.75,2023-5-28 15-17-12, 
2300049,2300049,1,10012000,Hydra-new,1,16800,280,17346.0,826.0,2023-5-28 15-17-17, 
2300049,2300049,2,10013000,Jumia,1,25200,3200,23100.0,1100.0,2023-5-28 15-17-17, 
2300050,2300050,1,10018001,SVTA Radio Hand Pice 1,1,1680,360,1386.0,66.0,2023-5-28 15-17-21, 
2300050,2300050,2,10018002,SVTA Radio Hand Pice 2,2,2100,300,4095.0,195.0,2023-5-28 15-17-21, 
2300051,2300051,1,10007000,Crio Lipo,1,36400,3400,34650.0,1650.0,2023-5-28 15-17-26, 
2300051,2300051,2,10008001,DeodLeaser Hand Piece,2,2100,1300,3045.0,145.0,2023-5-28 15-17-26, 
2300052,2300052,1,10019000,VCA Laser,1,39200,3200,37800.0,1800.0,2023-5-28 15-17-32, 
2300052,2300052,2,10019001,VCA Leaser Hand Piece,1,40000,4000,37800.0,1800.0,2023-5-28 15-17-32, 
2300053,2300053,1,10018005,SVTA Radio Hand Pice 5,2,2240,4800,-336.0,-16.0,2023-5-28 15-17-36, 
2300053,2300053,2,10018006,SVTA Radio Hand Pice 6,1,2380,0,2499.0,119.0,2023-5-28 15-17-36, 
2300053,2300053,3,10018007,SVTA Radio Hand Pice 7,1,2520,0,2646.0,126.0,2023-5-28 15-17-36, 
2300053,2300053,4,10018008,SVTA Radio Hand Pice 8,1,1400,0,1470.0,70.0,2023-5-28 15-17-36, 
2300053,2300053,5,10018000,SVTA Radio,1,25200,3200,23100.0,1100.0,2023-5-28 15-17-36, 
2300054,2300054,1,10018007,SVTA Radio Hand Pice 7,2,2520,1040,4200.0,200.0,2023-5-28 15-17-41, 
2300054,2300054,2,10018008,SVTA Radio Hand Pice 8,1,1400,350,1102.5,52.5,2023-5-28 15-17-41, 
2300055,2300055,1,10008000,DeodLeaser,1,15400,300,15855.0,755.0,2023-5-28 15-17-46, 
2300055,2300055,2,10009001,G5 Slimming Applicators,2,2800,255,5612.25,267.25,2023-5-28 15-17-46, 
2300055,2300055,3,10014000,Konmision,1,39200,1200,39900.0,1900.0,2023-5-28 15-17-46, 
2300056,2300056,1,10001000,Microneedling RF,1,31465,2465,30450.0,1450.0,2023-5-28 15-17-52, 
2300056,2300056,2,10001001,Microneedling RF - HandPiece,2,4725,650,9240.0,440.0,2023-5-28 15-17-52, 
2300057,2300057,1,10016000,My Ultrasonic,1,9800,1800,8400.0,400.0,2023-5-28 15-17-57, 
2300057,2300057,2,10017000,SPA Slim,1,8400,1400,7350.0,350.0,2023-5-28 15-17-57, 
2300058,2300058,1,10011000,Hydra Fresh,1,74200,14200,63000.0,3000.0,2023-5-28 15-18-1, 
2300058,2300058,2,10013000,Jumia,1,25200,5200,21000.0,1000.0,2023-5-28 15-18-1, 
2300058,2300058,3,10016000,My Ultrasonic,1,9800,1600,8610.0,410.0,2023-5-28 15-18-1, 
2300059,2300059,1,10008001,DeodLeaser Hand Piece,3,2100,300,6300.0,300.0,2023-5-28 15-18-6, 
2300059,2300059,2,10008000,DeodLeaser,1,15400,3400,12600.0,600.0,2023-5-28 15-18-6, 
2300060,2300060,1,10018007,SVTA Radio Hand Pice 7,1,2520,500,2121.0,101.0,2023-5-28 15-18-10, 
2300060,2300060,2,10018008,SVTA Radio Hand Pice 8,3,1400,30,4378.5,208.5,2023-5-28 15-18-10, 
2300060,2300060,3,10018000,SVTA Radio,2,25200,3200,49560.0,2360.0,2023-5-28 15-18-10, 
2300061,2300061,1,10004001,RF Fractional CO2 Laser - Handpiece,2,7700,700,15435.0,735.0,2023-5-28 15-18-15, 
2300061,2300061,2,10004002,RF Fractional CO2 Laser - Accessories,5,1400,1600,5670.0,270.0,2023-5-28 15-18-15, 
2300062,2300062,1,10003000,Portable Diode Laser Hair Removal Equipment,1,47180,6180,43050.0,2050.0,2023-5-28 15-18-20, 
2300062,2300062,2,10003001,Portable Diode Laser Hair Removal Equipment - Hand Piece,2,6300,3900,9135.0,435.0,2023-5-28 15-18-20, 
2300063,2300063,1,10018000,SVTA Radio,1,25200,500,25935.0,1235.0,2023-5-28 15-18-26, 
2300063,2300063,2,10018001,SVTA Radio Hand Pice 1,1,1680,180,1575.0,75.0,2023-5-28 15-18-26, 
2300063,2300063,3,10018002,SVTA Radio Hand Pice 2,1,2100,200,1995.0,95.0,2023-5-28 15-18-26, 
2300063,2300063,4,10018003,SVTA Radio Hand Pice 3,1,1960,190,1858.5,88.5,2023-5-28 15-18-26, 
2300063,2300063,5,10018004,SVTA Radio Hand Pice 4,2,1820,220,3591.0,171.0,2023-5-28 15-18-26, 
2300064,2300064,1,10017000,SPA Slim,1,8400,400,8400.0,400.0,2023-5-28 15-18-30, 
2300064,2300064,2,10018001,SVTA Radio Hand Pice 1,3,1680,360,4914.0,234.0,2023-5-28 15-18-30, 
2300065,2300065,1,10007000,Crio Lipo,1,36400,4400,33600.0,1600.0,2023-5-28 15-18-35, 
2300065,2300065,2,10008001,DeodLeaser Hand Piece,3,2100,300,6300.0,300.0,2023-5-28 15-18-35, 
2300066,2300066,1,10001000,Microneedling RF,2,31465,2465,63488.25,3023.25,2023-5-28 15-18-40, 
2300066,2300066,2,10001001,Microneedling RF - HandPiece,3,4725,1450,13361.25,636.25,2023-5-28 15-18-40, 
2300066,2300066,3,10004001,RF Fractional CO2 Laser - Handpiece,2,7700,1700,14385.0,685.0,2023-5-28 15-18-40, 
2300066,2300066,4,10004002,RF Fractional CO2 Laser - Accessories,2,1400,400,2520.0,120.0,2023-5-28 15-18-40, 
2300067,2300067,1,10018003,SVTA Radio Hand Pice 3,1,1960,1880,84.0,4.0,2023-5-28 15-18-45, 
2300067,2300067,2,10018004,SVTA Radio Hand Pice 4,2,1820,320,3486.0,166.0,2023-5-28 15-18-45, 
2300068,2300068,1,10019000,VCA Laser,1,39200,6200,34650.0,1650.0,2023-5-28 15-18-50, 
2300068,2300068,2,10019001,VCA Leaser Hand Piece,2,40000,7500,76125.0,3625.0,2023-5-28 15-18-50, 
2300069,2300069,1,10016000,My Ultrasonic,1,9800,2600,7560.0,360.0,2023-5-28 15-18-55, 
2300070,2300070,1,10018005,SVTA Radio Hand Pice 5,2,2240,240,4452.0,212.0,2023-5-28 15-19-0, 
2300070,2300070,2,10018006,SVTA Radio Hand Pice 6,1,2380,1760,651.0,31.0,2023-5-28 15-19-0, 
2300071,2300071,1,10008001,DeodLeaser Hand Piece,1,2100,300,1890.0,90.0,2023-5-28 15-19-6, 
2300072,2300072,1,10019000,VCA Laser,2,39200,9400,72450.0,3450.0,2023-5-28 15-19-15, 
2300072,2300072,2,10019001,VCA Leaser Hand Piece,1,40000,4000,37800.0,1800.0,2023-5-28 15-19-15, 
2300073,2300073,1,10013000,Jumia,1,25200,2200,24150.0,1150.0,2023-5-28 15-19-21, 
2300073,2300073,2,10014000,Konmision,1,39200,3200,37800.0,1800.0,2023-5-28 15-19-21, 
2300074,2300074,1,10018000,SVTA Radio,1,25200,4400,21840.0,1040.0,2023-5-28 15-19-34, 
2300074,2300074,2,10019000,VCA Laser,2,39200,320,81984.0,3904.0,2023-5-28 15-19-34, 
2300075,2300075,1,10018004,SVTA Radio Hand Pice 4,2,1820,200,3612.0,172.0,2023-5-28 15-19-39, 
2300075,2300075,2,10018005,SVTA Radio Hand Pice 5,2,2240,140,4557.0,217.0,2023-5-28 15-19-39, 
2300076,2300076,1,10006000,Caviation Laser,1,24500,6000,19425.0,925.0,2023-5-28 15-19-47, 
2300077,2300077,1,10008000,DeodLeaser,1,15400,3400,12600.0,600.0,2023-5-28 15-19-54, 
2300077,2300077,2,10008001,DeodLeaser Hand Piece,2,2100,300,4095.0,195.0,2023-5-28 15-19-54, 
2300078,2300078,1,10016000,My Ultrasonic,2,9800,1800,18690.0,890.0,2023-5-28 15-19-58, 
2300078,2300078,2,10017000,SPA Slim,1,8400,1400,7350.0,350.0,2023-5-28 15-19-58, 
2300079,2300079,1,10018005,SVTA Radio Hand Pice 5,3,2240,4800,2016.0,96.0,2023-5-28 15-20-3, 
2300079,2300079,2,10018006,SVTA Radio Hand Pice 6,4,2380,0,9996.0,476.0,2023-5-28 15-20-3, 
2300079,2300079,3,10018007,SVTA Radio Hand Pice 7,4,2520,0,10584.0,504.0,2023-5-28 15-20-3, 
2300079,2300079,4,10018008,SVTA Radio Hand Pice 8,3,1400,0,4410.0,210.0,2023-5-28 15-20-3, 
2300079,2300079,5,10018000,SVTA Radio,1,25200,3200,23100.0,1100.0,2023-5-28 15-20-3, 
2300080,2300080,1,10001000,Microneedling RF,2,31465,2465,63488.25,3023.25,2023-5-28 15-20-7, 
2300080,2300080,2,10001001,Microneedling RF - HandPiece,3,4725,1450,13361.25,636.25,2023-5-28 15-20-7, 
2300080,2300080,3,10004001,RF Fractional CO2 Laser - Handpiece,2,7700,1700,14385.0,685.0,2023-5-28 15-20-7, 
2300080,2300080,4,10004002,RF Fractional CO2 Laser - Accessories,1,1400,400,1050.0,50.0,2023-5-28 15-20-7, 
2300081,2300081,1,10018001,SVTA Radio Hand Pice 1,4,1680,360,6678.0,318.0,2023-5-28 15-20-12, 
2300081,2300081,2,10018002,SVTA Radio Hand Pice 2,3,2100,300,6300.0,300.0,2023-5-28 15-20-12, 
2300082,2300082,1,10009000,G5 Slimming,1,51800,3800,50400.0,2400.0,2023-5-28 15-20-17, 
2300082,2300082,2,10009001,G5 Slimming Applicators,2,2800,1400,4410.0,210.0,2023-5-28 15-20-17, 
2300082,2300082,3,10010000,Hiemt A,1,85400,4400,85050.0,4050.0,2023-5-28 15-20-17, 
2300083,2300083,1,10018003,SVTA Radio Hand Pice 3,2,1960,880,3192.0,152.0,2023-5-28 15-20-23, 
2300083,2300083,2,10018004,SVTA Radio Hand Pice 4,2,1820,220,3591.0,171.0,2023-5-28 15-20-23, 
2300084,2300084,1,10015000,Mickcara,1,43400,4400,40950.0,1950.0,2023-5-28 15-20-28, 
2300084,2300084,2,10016000,My Ultrasonic,1,9800,3600,6510.0,310.0,2023-5-28 15-20-28, 
2300085,2300085,1,10008001,DeodLeaser Hand Piece,4,2100,350,8452.5,402.5,2023-5-28 15-20-33, 
2300086,2300086,1,10011000,Hydra Fresh,2,74200,15400,139650.0,6650.0,2023-5-28 15-20-37, 
2300086,2300086,2,10012000,Hydra-new,1,16800,3800,13650.0,650.0,2023-5-28 15-20-37, 
2300086,2300086,3,10013000,Jumia,1,25200,5200,21000.0,1000.0,2023-5-28 15-20-37, 
2300087,2300087,1,10006000,Caviation Laser,1,24500,3500,22050.0,1050.0,2023-5-28 15-20-42, 
2300087,2300087,2,10007000,Crio Lipo,1,36400,5400,32550.0,1550.0,2023-5-28 15-20-42, 
2300087,2300087,3,10009001,G5 Slimming Applicators,4,2800,550,11182.5,532.5,2023-5-28 15-20-42, 
2300088,2300088,1,10004001,RF Fractional CO2 Laser - Handpiece,2,7700,500,15645.0,745.0,2023-5-28 15-20-45, 
2300088,2300088,2,10004002,RF Fractional CO2 Laser - Accessories,1,1400,20,1449.0,69.0,2023-5-28 15-20-45, 
2300089,2300089,1,10019000,VCA Laser,1,39200,3200,37800.0,1800.0,2023-5-28 15-20-50, 
2300089,2300089,2,10019001,VCA Leaser Hand Piece,1,40000,4000,37800.0,1800.0,2023-5-28 15-20-50, 
2300090,2300090,1,10004000,RF Fractional CO2 Laser,1,81900,3900,81900.0,3900.0,2023-5-28 15-20-54, 
2300091,2300091,1,10018007,SVTA Radio Hand Pice 7,2,2520,1040,4200.0,200.0,2023-5-28 15-20-58, 
2300091,2300091,2,10018008,SVTA Radio Hand Pice 8,3,1400,350,4042.5,192.5,2023-5-28 15-20-58, 
2300092,2300092,1,10008000,DeodLeaser,2,15400,300,32025.0,1525.0,2023-5-28 15-21-3, 
2300092,2300092,2,10009001,G5 Slimming Applicators,2,2800,255,5612.25,267.25,2023-5-28 15-21-3, 
2300092,2300092,3,10014000,Konmision,1,39200,1200,39900.0,1900.0,2023-5-28 15-21-3, 
2300093,2300093,1,10001000,Microneedling RF,1,31465,3465,29400.0,1400.0,2023-5-28 15-21-8, 
2300093,2300093,2,10001001,Microneedling RF - HandPiece,4,4725,2175,17561.25,836.25,2023-5-28 15-21-8, 
2300094,2300094,1,10018001,SVTA Radio Hand Pice 1,1,1680,360,1386.0,66.0,2023-5-28 15-21-13, 
2300094,2300094,2,10018002,SVTA Radio Hand Pice 2,2,2100,300,4095.0,195.0,2023-5-28 15-21-13, 
2300095,2300095,1,10007000,Crio Lipo,1,36400,3400,34650.0,1650.0,2023-5-28 15-21-19, 
2300095,2300095,2,10008001,DeodLeaser Hand Piece,2,2100,1300,3045.0,145.0,2023-5-28 15-21-19, 
2300096,2300096,1,10018003,SVTA Radio Hand Pice 3,1,1960,1880,84.0,4.0,2023-5-28 15-21-24, 
2300096,2300096,2,10018004,SVTA Radio Hand Pice 4,2,1820,320,3486.0,166.0,2023-5-28 15-21-24, 
2300097,2300097,1,10004000,RF Fractional CO2 Laser,1,81900,2900,82950.0,3950.0,2023-5-28 15-21-29, 
2300097,2300097,2,10004001,RF Fractional CO2 Laser - Handpiece,2,7700,300,15855.0,755.0,2023-5-28 15-21-29, 
2300098,2300098,1,10001000,Microneedling RF,1,31465,2465,30450.0,1450.0,2023-5-28 15-21-33, 
2300098,2300098,2,10001001,Microneedling RF - HandPiece,2,4725,650,9240.0,440.0,2023-5-28 15-21-33, 
2300099,2300099,1,10018005,SVTA Radio Hand Pice 5,3,2240,240,6804.0,324.0,2023-5-28 15-21-38, 
2300099,2300099,2,10018006,SVTA Radio Hand Pice 6,1,2380,1760,651.0,31.0,2023-5-28 15-21-38, 
2300100,2300100,1,10006000,Caviation Laser,1,24500,6000,19425.0,925.0,2023-5-28 15-21-42, 
2300101,2300101,1,10018000,SVTA Radio,1,25200,4400,21840.0,1040.0,2023-5-28 15-21-46, 
2300101,2300101,2,10019000,VCA Laser,2,39200,320,81984.0,3904.0,2023-5-28 15-21-46, 
2300102,2300102,1,10018004,SVTA Radio Hand Pice 4,2,1820,220,3591.0,171.0,2023-5-28 15-21-50, 
2300102,2300102,2,10018005,SVTA Radio Hand Pice 5,1,2240,240,2100.0,100.0,2023-5-28 15-21-50, 
2300103,2300103,1,10018001,SVTA Radio Hand Pice 1,1,1680,280,1470.0,70.0,2023-5-28 15-21-54, 
2300103,2300103,2,10018000,SVTA Radio,2,25200,3200,49560.0,2360.0,2023-5-28 15-21-54, 
2300104,2300104,1,10018007,SVTA Radio Hand Pice 7,1,2520,500,2121.0,101.0,2023-5-28 15-21-59, 
2300104,2300104,2,10018008,SVTA Radio Hand Pice 8,1,1400,30,1438.5,68.5,2023-5-28 15-21-59, 
2300104,2300104,3,10018000,SVTA Radio,2,25200,3200,49560.0,2360.0,2023-5-28 15-21-59, 
2300105,2300105,1,10008001,DeodLeaser Hand Piece,3,2100,300,6300.0,300.0,2023-5-28 15-22-4, 
2300105,2300105,2,10008000,DeodLeaser,1,15400,3400,12600.0,600.0,2023-5-28 15-22-4, 
2300106,2300106,1,10011000,Hydra Fresh,1,74200,14200,63000.0,3000.0,2023-5-28 15-22-9, 
2300106,2300106,2,10013000,Jumia,1,25200,5200,21000.0,1000.0,2023-5-28 15-22-9, 
2300106,2300106,3,10016000,My Ultrasonic,1,9800,1600,8610.0,410.0,2023-5-28 15-22-9, 
2300107,2300107,1,10019000,VCA Laser,1,39200,3200,37800.0,1800.0,2023-5-28 15-22-13, 
2300107,2300107,2,10019001,VCA Leaser Hand Piece,1,40000,4000,37800.0,1800.0,2023-5-28 15-22-13, 
2300108,2300108,1,10018001,SVTA Radio Hand Pice 1,3,1680,360,4914.0,234.0,2023-5-28 15-22-17, 
2300108,2300108,2,10018002,SVTA Radio Hand Pice 2,2,2100,300,4095.0,195.0,2023-5-28 15-22-17, 
2300109,2300109,1,10007000,Crio Lipo,1,36400,4400,33600.0,1600.0,2023-5-28 15-22-21, 
2300109,2300109,2,10008001,DeodLeaser Hand Piece,2,2100,300,4095.0,195.0,2023-5-28 15-22-21, 
2300110,2300110,1,10012000,Hydra-new,1,16800,280,17346.0,826.0,2023-5-28 15-22-25, 
2300110,2300110,2,10013000,Jumia,1,25200,3200,23100.0,1100.0,2023-5-28 15-22-25, 
2300111,2300111,1,10015000,Mickcara,1,43400,4400,40950.0,1950.0,2023-5-28 15-22-28, 
2300111,2300111,2,10016000,My Ultrasonic,1,9800,3600,6510.0,310.0,2023-5-28 15-22-28, 
2300112,2300112,1,10018000,SVTA Radio,1,25200,500,25935.0,1235.0,2023-5-28 15-22-35, 
2300112,2300112,2,10018001,SVTA Radio Hand Pice 1,2,1680,180,3339.0,159.0,2023-5-28 15-22-35, 
2300112,2300112,3,10018002,SVTA Radio Hand Pice 2,2,2100,200,4200.0,200.0,2023-5-28 15-22-35, 
2300112,2300112,4,10018003,SVTA Radio Hand Pice 3,1,1960,190,1858.5,88.5,2023-5-28 15-22-35, 
2300112,2300112,5,10018004,SVTA Radio Hand Pice 4,2,1820,220,3591.0,171.0,2023-5-28 15-22-35, 
2300113,2300113,1,10008001,DeodLeaser Hand Piece,3,2100,350,6247.5,297.5,2023-5-28 15-22-39, 
2300114,2300114,1,10001000,Microneedling RF,1,31465,2465,30450.0,1450.0,2023-5-28 15-22-44, 
2300114,2300114,2,10001001,Microneedling RF - HandPiece,1,4725,2450,2388.75,113.75,2023-5-28 15-22-44, 
2300115,2300115,1,10004001,RF Fractional CO2 Laser - Handpiece,1,7700,700,7350.0,350.0,2023-5-28 15-22-49, 
2300115,2300115,2,10004002,RF Fractional CO2 Laser - Accessories,1,1400,1600,-210.0,-10.0,2023-5-28 15-22-49, 
2300116,2300116,1,10006000,Caviation Laser,1,24500,3500,22050.0,1050.0,2023-5-28 15-22-54, 
2300116,2300116,2,10007000,Crio Lipo,1,36400,5400,32550.0,1550.0,2023-5-28 15-22-54, 
2300116,2300116,3,10009001,G5 Slimming Applicators,3,2800,550,8242.5,392.5,2023-5-28 15-22-54, 
2300117,2300117,1,10008001,DeodLeaser Hand Piece,1,2100,300,1890.0,90.0,2023-5-28 15-23-1, 
2300118,2300118,1,10004000,RF Fractional CO2 Laser,1,81900,3900,81900.0,3900.0,2023-5-28 15-23-5, 
2300119,2300119,1,10019000,VCA Laser,1,39200,9400,31290.0,1490.0,2023-5-28 15-23-10, 
2300119,2300119,2,10019001,VCA Leaser Hand Piece,1,40000,4000,37800.0,1800.0,2023-5-28 15-23-10, 
2300120,2300120,1,10001000,Microneedling RF,2,31465,3465,62438.25,2973.25,2023-5-28 15-23-14, 
2300120,2300120,2,10001001,Microneedling RF - HandPiece,1,4725,2175,2677.5,127.5,2023-5-28 15-23-14, 
2300121,2300121,1,10018004,SVTA Radio Hand Pice 4,3,1820,200,5523.0,263.0,2023-5-28 15-23-19, 
2300121,2300121,2,10018005,SVTA Radio Hand Pice 5,2,2240,140,4557.0,217.0,2023-5-28 15-23-19, 
2300122,2300122,1,10009000,G5 Slimming,1,51800,3800,50400.0,2400.0,2023-5-28 15-23-25, 
2300122,2300122,2,10009001,G5 Slimming Applicators,2,2800,1400,4410.0,210.0,2023-5-28 15-23-25, 
2300122,2300122,3,10010000,Hiemt A,1,85400,4400,85050.0,4050.0,2023-5-28 15-23-25, 
2300123,2300123,1,10008000,DeodLeaser,2,15400,3400,28770.0,1370.0,2023-5-28 15-23-30, 
2300123,2300123,2,10008001,DeodLeaser Hand Piece,2,2100,300,4095.0,195.0,2023-5-28 15-23-30, 
2300124,2300124,1,10018007,SVTA Radio Hand Pice 7,3,2520,1040,6846.0,326.0,2023-5-28 15-23-34, 
2300124,2300124,2,10018008,SVTA Radio Hand Pice 8,2,1400,350,2572.5,122.5,2023-5-28 15-23-34, 
2300125,2300125,1,10018005,SVTA Radio Hand Pice 5,3,2240,4800,2016.0,96.0,2023-5-28 15-23-40, 
2300125,2300125,2,10018006,SVTA Radio Hand Pice 6,2,2380,0,4998.0,238.0,2023-5-28 15-23-40, 
2300125,2300125,3,10018007,SVTA Radio Hand Pice 7,2,2520,0,5292.0,252.0,2023-5-28 15-23-40, 
2300125,2300125,4,10018008,SVTA Radio Hand Pice 8,3,1400,0,4410.0,210.0,2023-5-28 15-23-40, 
2300125,2300125,5,10018000,SVTA Radio,2,25200,3200,49560.0,2360.0,2023-5-28 15-23-40, 
2300126,2300126,1,10016000,My Ultrasonic,1,9800,1800,8400.0,400.0,2023-5-28 15-23-44, 
2300126,2300126,2,10017000,SPA Slim,1,8400,1400,7350.0,350.0,2023-5-28 15-23-44, 
2300127,2300127,1,10004001,RF Fractional CO2 Laser - Handpiece,1,7700,500,7560.0,360.0,2023-5-28 15-23-47, 
2300127,2300127,2,10004002,RF Fractional CO2 Laser - Accessories,5,1400,20,7329.0,349.0,2023-5-28 15-23-47, 
2300128,2300128,1,10004000,RF Fractional CO2 Laser,1,81900,2900,82950.0,3950.0,2023-5-28 15-23-52, 
2300128,2300128,2,10004001,RF Fractional CO2 Laser - Handpiece,2,7700,300,15855.0,755.0,2023-5-28 15-23-52, 
2300129,2300129,1,10008000,DeodLeaser,1,15400,300,15855.0,755.0,2023-5-28 15-23-56, 
2300129,2300129,2,10009001,G5 Slimming Applicators,4,2800,255,11492.25,547.25,2023-5-28 15-23-56, 
2300129,2300129,3,10014000,Konmision,1,39200,1200,39900.0,1900.0,2023-5-28 15-23-56, 
2300130,2300130,1,10001000,Microneedling RF,1,31465,2465,30450.0,1450.0,2023-5-28 15-24-1, 
2300130,2300130,2,10001001,Microneedling RF - HandPiece,1,4725,650,4278.75,203.75,2023-5-28 15-24-1, 
2300131,2300131,1,10018007,SVTA Radio Hand Pice 7,2,2520,500,4767.0,227.0,2023-5-28 15-24-5, 
2300131,2300131,2,10018008,SVTA Radio Hand Pice 8,4,1400,30,5848.5,278.5,2023-5-28 15-24-5, 
2300131,2300131,3,10018000,SVTA Radio,1,25200,3200,23100.0,1100.0,2023-5-28 15-24-5, 
2300132,2300132,1,10008000,DeodLeaser,1,15400,2400,13650.0,650.0,2023-5-28 15-24-12, 
2300132,2300132,2,10009001,G5 Slimming Applicators,2,2800,240,5628.0,268.0,2023-5-28 15-24-12, 
2300133,2300133,1,10013000,Jumia,1,25200,2200,24150.0,1150.0,2023-5-28 15-24-16, 
2300133,2300133,2,10014000,Konmision,1,39200,3200,37800.0,1800.0,2023-5-28 15-24-16, 
2300134,2300134,1,10003000,Portable Diode Laser Hair Removal Equipment,1,47180,6180,43050.0,2050.0,2023-5-28 15-24-21, 
2300134,2300134,2,10003001,Portable Diode Laser Hair Removal Equipment - Hand Piece,2,6300,3900,9135.0,435.0,2023-5-28 15-24-21, 
2300135,2300135,1,10017000,SPA Slim,1,8400,400,8400.0,400.0,2023-5-28 15-24-25, 
2300135,2300135,2,10018001,SVTA Radio Hand Pice 1,3,1680,360,4914.0,234.0,2023-5-28 15-24-25, 
2300136,2300136,1,10018003,SVTA Radio Hand Pice 3,2,1960,880,3192.0,152.0,2023-5-28 15-24-30, 
2300136,2300136,2,10018004,SVTA Radio Hand Pice 4,2,1820,220,3591.0,171.0,2023-5-28 15-24-30, 
2300137,2300137,1,10019000,VCA Laser,1,39200,3200,37800.0,1800.0,2023-5-28 15-24-36, 
2300137,2300137,2,10019001,VCA Leaser Hand Piece,1,40000,4000,37800.0,1800.0,2023-5-28 15-24-36, 
2300138,2300138,1,10019000,VCA Laser,1,39200,6200,34650.0,1650.0,2023-5-28 15-24-40, 
2300138,2300138,2,10019001,VCA Leaser Hand Piece,2,40000,7500,76125.0,3625.0,2023-5-28 15-24-40, 
2300139,2300139,1,10016000,My Ultrasonic,1,9800,2600,7560.0,360.0,2023-5-28 15-24-45, 
2300140,2300140,1,10011000,Hydra Fresh,1,74200,15400,61740.0,2940.0,2023-5-28 15-24-50, 
2300140,2300140,2,10012000,Hydra-new,2,16800,3800,31290.0,1490.0,2023-5-28 15-24-50, 
2300140,2300140,3,10013000,Jumia,1,25200,5200,21000.0,1000.0,2023-5-28 15-24-50, 
2300141,2300141,1,10001000,Microneedling RF,1,31465,2465,30450.0,1450.0,2023-5-28 15-24-54, 
2300141,2300141,2,10001001,Microneedling RF - HandPiece,4,4725,1450,18322.5,872.5,2023-5-28 15-24-54, 
2300141,2300141,3,10004001,RF Fractional CO2 Laser - Handpiece,1,7700,1700,6300.0,300.0,2023-5-28 15-24-54, 
2300141,2300141,4,10004002,RF Fractional CO2 Laser - Accessories,4,1400,400,5460.0,260.0,2023-5-28 15-24-54, 
2300142,2300142,1,10018000,SVTA Radio,1,25200,500,25935.0,1235.0,2023-5-28 15-25-1, 
2300142,2300142,2,10018001,SVTA Radio Hand Pice 1,3,1680,180,5103.0,243.0,2023-5-28 15-25-1, 
2300142,2300142,3,10018002,SVTA Radio Hand Pice 2,2,2100,200,4200.0,200.0,2023-5-28 15-25-1, 
2300142,2300142,4,10018003,SVTA Radio Hand Pice 3,2,1960,190,3916.5,186.5,2023-5-28 15-25-1, 
2300142,2300142,5,10018004,SVTA Radio Hand Pice 4,1,1820,220,1680.0,80.0,2023-5-28 15-25-1, 
2300143,2300143,1,10001000,Microneedling RF,1,31465,2465,30450.0,1450.0,2023-5-28 15-25-6, 
2300143,2300143,2,10001001,Microneedling RF - HandPiece,2,4725,2450,7350.0,350.0,2023-5-28 15-25-6, 
2300144,2300144,1,10018001,SVTA Radio Hand Pice 1,3,1680,360,4914.0,234.0,2023-5-28 15-25-14, 
2300144,2300144,2,10018002,SVTA Radio Hand Pice 2,4,2100,300,8505.0,405.0,2023-5-28 15-25-14, 
2300145,2300145,1,10004001,RF Fractional CO2 Laser - Handpiece,1,7700,700,7350.0,350.0,2023-5-28 15-25-19, 
2300145,2300145,2,10004002,RF Fractional CO2 Laser - Accessories,6,1400,1600,7140.0,340.0,2023-5-28 15-25-19, 
2300146,2300146,1,10012000,Hydra-new,2,16800,280,34986.0,1666.0,2023-5-28 15-25-25, 
2300146,2300146,2,10013000,Jumia,1,25200,3200,23100.0,1100.0,2023-5-28 15-25-25, 
2300147,2300147,1,10018005,SVTA Radio Hand Pice 5,3,2240,240,6804.0,324.0,2023-5-28 15-25-30, 
2300147,2300147,2,10018006,SVTA Radio Hand Pice 6,2,2380,1760,3150.0,150.0,2023-5-28 15-25-30, 
2300148,2300148,1,10018000,SVTA Radio,1,25200,4400,21840.0,1040.0,2023-5-28 15-25-35, 
2300148,2300148,2,10019000,VCA Laser,1,39200,320,40824.0,1944.0,2023-5-28 15-25-35, 
2300149,2300149,1,10007000,Crio Lipo,1,36400,4400,33600.0,1600.0,2023-5-28 15-25-47, 
2300149,2300149,2,10008001,DeodLeaser Hand Piece,5,2100,300,10710.0,510.0,2023-5-28 15-25-47, 
2300150,2300150,1,10006000,Caviation Laser,1,24500,6000,19425.0,925.0,2023-5-28 15-25-52, 
2300151,2300151,1,10003000,Portable Diode Laser Hair Removal Equipment,1,47180,6180,43050.0,2050.0,2023-5-28 15-25-57, 
2300151,2300151,2,10003001,Portable Diode Laser Hair Removal Equipment - Hand Piece,1,6300,3900,2520.0,120.0,2023-5-28 15-25-57, 
2300152,2300152,1,10013000,Jumia,1,25200,2200,24150.0,1150.0,2023-5-28 15-26-2, 
2300152,2300152,2,10014000,Konmision,1,39200,3200,37800.0,1800.0,2023-5-28 15-26-2, 
2300153,2300153,1,10018001,SVTA Radio Hand Pice 1,3,1680,360,4914.0,234.0,2023-5-28 15-26-6, 
2300153,2300153,2,10018002,SVTA Radio Hand Pice 2,5,2100,300,10710.0,510.0,2023-5-28 15-26-6, 
2300154,2300154,1,10008001,DeodLeaser Hand Piece,4,2100,300,8505.0,405.0,2023-5-28 15-26-12, 
2300154,2300154,2,10008000,DeodLeaser,2,15400,3400,28770.0,1370.0,2023-5-28 15-26-12, 
2300155,2300155,1,10018003,SVTA Radio Hand Pice 3,3,1960,880,5250.0,250.0,2023-5-28 15-26-16, 
2300155,2300155,2,10018004,SVTA Radio Hand Pice 4,4,1820,220,7413.0,353.0,2023-5-28 15-26-16, 
2300156,2300156,1,10015000,Mickcara,1,43400,4400,40950.0,1950.0,2023-5-28 15-26-26, 
2300156,2300156,2,10016000,My Ultrasonic,2,9800,3600,16800.0,800.0,2023-5-28 15-26-26, 
2300157,2300157,1,10017000,SPA Slim,2,8400,400,17220.0,820.0,2023-5-28 15-26-36, 
2300157,2300157,2,10018001,SVTA Radio Hand Pice 1,5,1680,360,8442.0,402.0,2023-5-28 15-26-36, 
2300158,2300158,1,10019000,VCA Laser,1,39200,6200,34650.0,1650.0,2023-5-28 15-26-40, 
2300158,2300158,2,10019001,VCA Leaser Hand Piece,2,40000,7500,76125.0,3625.0,2023-5-28 15-26-40, 
2300159,2300159,1,10008001,DeodLeaser Hand Piece,5,2100,350,10657.5,507.5,2023-5-28 15-26-43, 
2300160,2300160,1,10016000,My Ultrasonic,2,9800,2600,17850.0,850.0,2023-5-28 15-26-48, 
2300161,2300161,1,10011000,Hydra Fresh,1,74200,15400,61740.0,2940.0,2023-5-28 15-26-53, 
2300161,2300161,2,10012000,Hydra-new,2,16800,3800,31290.0,1490.0,2023-5-28 15-26-53, 
2300161,2300161,3,10013000,Jumia,1,25200,5200,21000.0,1000.0,2023-5-28 15-26-53, 
2300162,2300162,1,10006000,Caviation Laser,1,24500,3500,22050.0,1050.0,2023-5-28 15-27-2, 
2300162,2300162,2,10007000,Crio Lipo,1,36400,5400,32550.0,1550.0,2023-5-28 15-27-2, 
2300162,2300162,3,10009001,G5 Slimming Applicators,5,2800,550,14122.5,672.5,2023-5-28 15-27-2, 
2300163,2300163,1,10019000,VCA Laser,1,39200,3200,37800.0,1800.0,2023-5-28 15-27-6, 
2300163,2300163,2,10019001,VCA Leaser Hand Piece,1,40000,4000,37800.0,1800.0,2023-5-28 15-27-6, 
2300164,2300164,1,10019000,VCA Laser,1,39200,9400,31290.0,1490.0,2023-5-28 15-27-10, 
2300164,2300164,2,10019001,VCA Leaser Hand Piece,1,40000,4000,37800.0,1800.0,2023-5-28 15-27-10, 
2300165,2300165,1,10001000,Microneedling RF,1,31465,3465,29400.0,1400.0,2023-5-28 15-27-14, 
2300165,2300165,2,10001001,Microneedling RF - HandPiece,3,4725,2175,12600.0,600.0,2023-5-28 15-27-14, 
2300166,2300166,1,10004000,RF Fractional CO2 Laser,1,81900,3900,81900.0,3900.0,2023-5-28 15-27-18, 
2300167,2300167,1,10018004,SVTA Radio Hand Pice 4,3,1820,200,5523.0,263.0,2023-5-28 15-27-22, 
2300167,2300167,2,10018005,SVTA Radio Hand Pice 5,2,2240,140,4557.0,217.0,2023-5-28 15-27-22, 
2300168,2300168,1,10008000,DeodLeaser,2,15400,3400,28770.0,1370.0,2023-5-28 15-27-26, 
2300168,2300168,2,10008001,DeodLeaser Hand Piece,3,2100,300,6300.0,300.0,2023-5-28 15-27-26, 
2300169,2300169,1,10018005,SVTA Radio Hand Pice 5,2,2240,4800,-336.0,-16.0,2023-5-28 15-27-30, 
2300169,2300169,2,10018006,SVTA Radio Hand Pice 6,5,2380,0,12495.0,595.0,2023-5-28 15-27-30, 
2300169,2300169,3,10018007,SVTA Radio Hand Pice 7,3,2520,0,7938.0,378.0,2023-5-28 15-27-30, 
2300169,2300169,4,10018008,SVTA Radio Hand Pice 8,1,1400,0,1470.0,70.0,2023-5-28 15-27-30, 
2300169,2300169,5,10018000,SVTA Radio,2,25200,3200,49560.0,2360.0,2023-5-28 15-27-30, 
2300170,2300170,1,10016000,My Ultrasonic,1,9800,1800,8400.0,400.0,2023-5-28 15-27-34, 
2300170,2300170,2,10017000,SPA Slim,2,8400,1400,16170.0,770.0,2023-5-28 15-27-34, 
2300171,2300171,1,10001000,Microneedling RF,2,31465,2465,63488.25,3023.25,2023-5-28 15-27-38, 
2300171,2300171,2,10001001,Microneedling RF - HandPiece,1,4725,1450,3438.75,163.75,2023-5-28 15-27-38, 
2300171,2300171,3,10004001,RF Fractional CO2 Laser - Handpiece,2,7700,1700,14385.0,685.0,2023-5-28 15-27-38, 
2300171,2300171,4,10004002,RF Fractional CO2 Laser - Accessories,1,1400,400,1050.0,50.0,2023-5-28 15-27-38, 
2300172,2300172,1,10004001,RF Fractional CO2 Laser - Handpiece,2,7700,500,15645.0,745.0,2023-5-28 15-27-42, 
2300172,2300172,2,10004002,RF Fractional CO2 Laser - Accessories,1,1400,20,1449.0,69.0,2023-5-28 15-27-42, 
2300173,2300173,1,10011000,Hydra Fresh,1,74200,14200,63000.0,3000.0,2023-5-28 15-27-48, 
2300173,2300173,2,10013000,Jumia,1,25200,5200,21000.0,1000.0,2023-5-28 15-27-48, 
2300173,2300173,3,10016000,My Ultrasonic,2,9800,1600,18900.0,900.0,2023-5-28 15-27-48, 
2300174,2300174,1,10008000,DeodLeaser,2,15400,300,32025.0,1525.0,2023-5-28 15-27-53, 
2300174,2300174,2,10009001,G5 Slimming Applicators,2,2800,255,5612.25,267.25,2023-5-28 15-27-53, 
2300174,2300174,3,10014000,Konmision,1,39200,1200,39900.0,1900.0,2023-5-28 15-27-53, 
2300175,2300175,1,10004000,RF Fractional CO2 Laser,1,81900,2900,82950.0,3950.0,2023-5-28 15-28-1, 
2300175,2300175,2,10004001,RF Fractional CO2 Laser - Handpiece,2,7700,300,15855.0,755.0,2023-5-28 15-28-1, 
2300176,2300176,1,10018004,SVTA Radio Hand Pice 4,5,1820,220,9324.0,444.0,2023-5-28 15-28-6, 
2300176,2300176,2,10018005,SVTA Radio Hand Pice 5,4,2240,240,9156.0,436.0,2023-5-28 15-28-6, 
2300177,2300177,1,10008000,DeodLeaser,1,15400,2400,13650.0,650.0,2023-5-28 15-28-10, 
2300177,2300177,2,10009001,G5 Slimming Applicators,3,2800,240,8568.0,408.0,2023-5-28 15-28-10, 
2300178,2300178,1,10018001,SVTA Radio Hand Pice 1,4,1680,280,6762.0,322.0,2023-5-28 15-28-15, 
2300178,2300178,2,10018000,SVTA Radio,1,25200,3200,23100.0,1100.0,2023-5-28 15-28-15, 
2300179,2300179,1,10009000,G5 Slimming,1,51800,3800,50400.0,2400.0,2023-5-28 15-28-19, 
2300179,2300179,2,10009001,G5 Slimming Applicators,3,2800,1400,7350.0,350.0,2023-5-28 15-28-19, 
2300179,2300179,3,10010000,Hiemt A,1,85400,4400,85050.0,4050.0,2023-5-28 15-28-19, 
2300180,2300180,1,10007000,Crio Lipo,2,36400,4400,71820.0,3420.0,2023-5-28 15-28-24, 
2300180,2300180,2,10008001,DeodLeaser Hand Piece,2,2100,300,4095.0,195.0,2023-5-28 15-28-24, 
2300181,2300181,1,10018003,SVTA Radio Hand Pice 3,2,1960,1880,2142.0,102.0,2023-5-28 15-28-28, 
2300181,2300181,2,10018004,SVTA Radio Hand Pice 4,3,1820,320,5397.0,257.0,2023-5-28 15-28-28, 
2300182,2300182,1,10008000,DeodLeaser,2,15400,2400,29820.0,1420.0,2023-5-28 15-28-32, 
2300182,2300182,2,10009001,G5 Slimming Applicators,2,2800,240,5628.0,268.0,2023-5-28 15-28-32, 
2300183,2300183,1,10001000,Microneedling RF,1,31465,2465,30450.0,1450.0,2023-5-28 15-28-36, 
2300183,2300183,2,10001001,Microneedling RF - HandPiece,3,4725,2450,12311.25,586.25,2023-5-28 15-28-36, 
2300184,2300184,1,10018001,SVTA Radio Hand Pice 1,1,1680,360,1386.0,66.0,2023-5-28 15-28-40, 
2300184,2300184,2,10018002,SVTA Radio Hand Pice 2,2,2100,300,4095.0,195.0,2023-5-28 15-28-40, 
2300185,2300185,1,10004001,RF Fractional CO2 Laser - Handpiece,2,7700,700,15435.0,735.0,2023-5-28 15-28-45, 
2300185,2300185,2,10004002,RF Fractional CO2 Laser - Accessories,6,1400,1600,7140.0,340.0,2023-5-28 15-28-45, 
2300186,2300186,1,10018007,SVTA Radio Hand Pice 7,3,2520,500,7413.0,353.0,2023-5-28 15-28-49, 
2300186,2300186,2,10018008,SVTA Radio Hand Pice 8,2,1400,30,2908.5,138.5,2023-5-28 15-28-49, 
2300186,2300186,3,10018000,SVTA Radio,2,25200,3200,49560.0,2360.0,2023-5-28 15-28-49, 
2300187,2300187,1,10018001,SVTA Radio Hand Pice 1,2,1680,280,3234.0,154.0,2023-5-28 15-28-53, 
2300187,2300187,2,10018000,SVTA Radio,1,25200,3200,23100.0,1100.0,2023-5-28 15-28-53, 
2300188,2300188,1,10019000,VCA Laser,1,39200,3200,37800.0,1800.0,2023-5-28 15-28-58, 
2300188,2300188,2,10019001,VCA Leaser Hand Piece,1,40000,4000,37800.0,1800.0,2023-5-28 15-28-58, 
2300189,2300189,1,10008001,DeodLeaser Hand Piece,3,2100,300,6300.0,300.0,2023-5-28 15-29-5, 
2300190,2300190,1,10006000,Caviation Laser,1,24500,6000,19425.0,925.0,2023-5-28 15-29-9, 
2300191,2300191,1,10018005,SVTA Radio Hand Pice 5,3,2240,240,6804.0,324.0,2023-5-28 15-29-13, 
2300191,2300191,2,10018006,SVTA Radio Hand Pice 6,1,2380,1760,651.0,31.0,2023-5-28 15-29-13, 
2300192,2300192,1,10018000,SVTA Radio,1,25200,4400,21840.0,1040.0,2023-5-28 15-29-17, 
2300192,2300192,2,10019000,VCA Laser,1,39200,320,40824.0,1944.0,2023-5-28 15-29-17, 
2300193,2300193,1,10011000,Hydra Fresh,1,74200,14200,63000.0,3000.0,2023-5-28 15-29-21, 
2300193,2300193,2,10013000,Jumia,1,25200,5200,21000.0,1000.0,2023-5-28 15-29-21, 
2300193,2300193,3,10016000,My Ultrasonic,3,9800,1600,29190.0,1390.0,2023-5-28 15-29-21, 
2300194,2300194,1,10009000,G5 Slimming,1,51800,3800,50400.0,2400.0,2023-5-28 15-29-25, 
2300194,2300194,2,10009001,G5 Slimming Applicators,4,2800,1400,10290.0,490.0,2023-5-28 15-29-25, 
2300194,2300194,3,10010000,Hiemt A,1,85400,4400,85050.0,4050.0,2023-5-28 15-29-25, 
2300195,2300195,1,10008001,DeodLeaser Hand Piece,4,2100,300,8505.0,405.0,2023-5-28 15-29-31, 
2300195,2300195,2,10008000,DeodLeaser,2,15400,3400,28770.0,1370.0,2023-5-28 15-29-31, 
2300196,2300196,1,10003000,Portable Diode Laser Hair Removal Equipment,2,47180,6180,92589.0,4409.0,2023-5-28 15-29-35, 
2300196,2300196,2,10003001,Portable Diode Laser Hair Removal Equipment - Hand Piece,2,6300,3900,9135.0,435.0,2023-5-28 15-29-35, 
2300197,2300197,1,10013000,Jumia,1,25200,2200,24150.0,1150.0,2023-5-28 15-29-39, 
2300197,2300197,2,10014000,Konmision,1,39200,3200,37800.0,1800.0,2023-5-28 15-29-39, 
2300198,2300198,1,10018004,SVTA Radio Hand Pice 4,2,1820,220,3591.0,171.0,2023-5-28 15-29-46, 
2300198,2300198,2,10018005,SVTA Radio Hand Pice 5,2,2240,240,4452.0,212.0,2023-5-28 15-29-46, 
2300199,2300199,1,10007000,Crio Lipo,1,36400,3400,34650.0,1650.0,2023-5-28 15-29-50, 
2300199,2300199,2,10008001,DeodLeaser Hand Piece,3,2100,1300,5250.0,250.0,2023-5-28 15-29-50, 
2300200,2300200,1,10019000,VCA Laser,1,39200,3200,37800.0,1800.0,2023-5-28 15-29-54, 
2300200,2300200,2,10019001,VCA Leaser Hand Piece,1,40000,4000,37800.0,1800.0,2023-5-28 15-29-54, 
2300201,2300201,1,10008001,DeodLeaser Hand Piece,2,2100,300,4095.0,195.0,2023-5-28 15-29-58, 
2300202,2300202,1,10018000,SVTA Radio,1,25200,500,25935.0,1235.0,2023-5-28 15-30-2, 
2300202,2300202,2,10018001,SVTA Radio Hand Pice 1,3,1680,180,5103.0,243.0,2023-5-28 15-30-2, 
2300202,2300202,3,10018002,SVTA Radio Hand Pice 2,2,2100,200,4200.0,200.0,2023-5-28 15-30-2, 
2300202,2300202,4,10018003,SVTA Radio Hand Pice 3,2,1960,190,3916.5,186.5,2023-5-28 15-30-2, 
2300202,2300202,5,10018004,SVTA Radio Hand Pice 4,2,1820,220,3591.0,171.0,2023-5-28 15-30-2, 
2300203,2300203,1,10017000,SPA Slim,2,8400,400,17220.0,820.0,2023-5-28 15-30-5, 
2300203,2300203,2,10018001,SVTA Radio Hand Pice 1,3,1680,360,4914.0,234.0,2023-5-28 15-30-5, 
2300204,2300204,1,10008001,DeodLeaser Hand Piece,3,2100,350,6247.5,297.5,2023-5-28 15-30-13, 
2300205,2300205,1,10012000,Hydra-new,1,16800,280,17346.0,826.0,2023-5-28 15-30-17, 
2300205,2300205,2,10013000,Jumia,1,25200,3200,23100.0,1100.0,2023-5-28 15-30-17, 
2300206,2300206,1,10018007,SVTA Radio Hand Pice 7,1,2520,1040,1554.0,74.0,2023-5-28 15-30-22, 
2300206,2300206,2,10018008,SVTA Radio Hand Pice 8,5,1400,350,6982.5,332.5,2023-5-28 15-30-22, 
2300207,2300207,1,10006000,Caviation Laser,2,24500,3500,47775.0,2275.0,2023-5-28 15-30-26, 
2300207,2300207,2,10007000,Crio Lipo,1,36400,5400,32550.0,1550.0,2023-5-28 15-30-26, 
2300207,2300207,3,10009001,G5 Slimming Applicators,3,2800,550,8242.5,392.5,2023-5-28 15-30-26, 
2300208,2300208,1,10018003,SVTA Radio Hand Pice 3,2,1960,1880,2142.0,102.0,2023-5-28 15-30-30, 
2300208,2300208,2,10018004,SVTA Radio Hand Pice 4,3,1820,320,5397.0,257.0,2023-5-28 15-30-30, 
2300209,2300209,1,10004000,RF Fractional CO2 Laser,1,81900,3900,81900.0,3900.0,2023-5-28 15-30-35, 
2300210,2300210,1,10001000,Microneedling RF,2,31465,3465,62438.25,2973.25,2023-5-28 15-30-39, 
2300210,2300210,2,10001001,Microneedling RF - HandPiece,2,4725,2175,7638.75,363.75,2023-5-28 15-30-39, 
2300211,2300211,1,10018007,SVTA Radio Hand Pice 7,1,2520,1040,1554.0,74.0,2023-5-28 15-30-43, 
2300211,2300211,2,10018008,SVTA Radio Hand Pice 8,2,1400,350,2572.5,122.5,2023-5-28 15-30-43, 
2300212,2300212,1,10018004,SVTA Radio Hand Pice 4,3,1820,200,5523.0,263.0,2023-5-28 15-30-47, 
2300212,2300212,2,10018005,SVTA Radio Hand Pice 5,2,2240,140,4557.0,217.0,2023-5-28 15-30-47, 
2300213,2300213,1,10008000,DeodLeaser,1,15400,3400,12600.0,600.0,2023-5-28 15-30-52, 
2300213,2300213,2,10008001,DeodLeaser Hand Piece,2,2100,300,4095.0,195.0,2023-5-28 15-30-52, 
2300214,2300214,1,10018005,SVTA Radio Hand Pice 5,3,2240,4800,2016.0,96.0,2023-5-28 15-30-56, 
2300214,2300214,2,10018006,SVTA Radio Hand Pice 6,2,2380,0,4998.0,238.0,2023-5-28 15-30-56, 
2300214,2300214,3,10018007,SVTA Radio Hand Pice 7,2,2520,0,5292.0,252.0,2023-5-28 15-30-56, 
2300214,2300214,4,10018008,SVTA Radio Hand Pice 8,2,1400,0,2940.0,140.0,2023-5-28 15-30-56, 
2300214,2300214,5,10018000,SVTA Radio,2,25200,3200,49560.0,2360.0,2023-5-28 15-30-56, 
2300215,2300215,1,10001000,Microneedling RF,1,31465,2465,30450.0,1450.0,2023-5-28 15-31-0, 
2300215,2300215,2,10001001,Microneedling RF - HandPiece,5,4725,1450,23283.75,1108.75,2023-5-28 15-31-0, 
2300215,2300215,3,10004001,RF Fractional CO2 Laser - Handpiece,1,7700,1700,6300.0,300.0,2023-5-28 15-31-0, 
2300215,2300215,4,10004002,RF Fractional CO2 Laser - Accessories,3,1400,400,3990.0,190.0,2023-5-28 15-31-0, 
2300216,2300216,1,10001000,Microneedling RF,1,31465,2465,30450.0,1450.0,2023-5-28 15-31-5, 
2300216,2300216,2,10001001,Microneedling RF - HandPiece,2,4725,650,9240.0,440.0,2023-5-28 15-31-5, 
2300217,2300217,1,10018003,SVTA Radio Hand Pice 3,4,1960,880,7308.0,348.0,2023-5-28 15-31-9, 
2300217,2300217,2,10018004,SVTA Radio Hand Pice 4,2,1820,220,3591.0,171.0,2023-5-28 15-31-9, 
2300218,2300218,1,10004000,RF Fractional CO2 Laser,1,81900,2900,82950.0,3950.0,2023-5-28 15-31-15, 
2300218,2300218,2,10004001,RF Fractional CO2 Laser - Handpiece,3,7700,300,23940.0,1140.0,2023-5-28 15-31-15, 
2300219,2300219,1,10011000,Hydra Fresh,1,74200,15400,61740.0,2940.0,2023-5-28 15-31-19, 
2300219,2300219,2,10012000,Hydra-new,2,16800,3800,31290.0,1490.0,2023-5-28 15-31-19, 
2300219,2300219,3,10013000,Jumia,2,25200,5200,47460.0,2260.0,2023-5-28 15-31-19, 
2300220,2300220,1,10001000,Microneedling RF,1,31465,2465,30450.0,1450.0,2023-5-28 15-31-23, 
2300220,2300220,2,10001001,Microneedling RF - HandPiece,3,4725,650,14201.25,676.25,2023-5-28 15-31-23, 
2300221,2300221,1,10018007,SVTA Radio Hand Pice 7,2,2520,500,4767.0,227.0,2023-5-28 15-31-27, 
2300221,2300221,2,10018008,SVTA Radio Hand Pice 8,4,1400,30,5848.5,278.5,2023-5-28 15-31-27, 
2300221,2300221,3,10018000,SVTA Radio,1,25200,3200,23100.0,1100.0,2023-5-28 15-31-27, 
2300222,2300222,1,10018001,SVTA Radio Hand Pice 1,5,1680,280,8526.0,406.0,2023-5-28 15-31-31, 
2300222,2300222,2,10018000,SVTA Radio,1,25200,3200,23100.0,1100.0,2023-5-28 15-31-31, 
2300223,2300223,1,10008000,DeodLeaser,1,15400,300,15855.0,755.0,2023-5-28 15-32-16, 
2300223,2300223,2,10009001,G5 Slimming Applicators,4,2800,255,11492.25,547.25,2023-5-28 15-32-16, 
2300223,2300223,3,10014000,Konmision,1,39200,1200,39900.0,1900.0,2023-5-28 15-32-16, 
2300224,2300224,1,10007000,Crio Lipo,1,36400,4400,33600.0,1600.0,2023-5-28 15-32-22, 
2300224,2300224,2,10008001,DeodLeaser Hand Piece,5,2100,300,10710.0,510.0,2023-5-28 15-32-22, 
2300225,2300225,1,10018000,SVTA Radio,1,25200,500,25935.0,1235.0,2023-5-28 15-32-27, 
2300225,2300225,2,10018001,SVTA Radio Hand Pice 1,2,1680,180,3339.0,159.0,2023-5-28 15-32-27, 
2300225,2300225,3,10018002,SVTA Radio Hand Pice 2,3,2100,200,6405.0,305.0,2023-5-28 15-32-27, 
2300225,2300225,4,10018003,SVTA Radio Hand Pice 3,2,1960,190,3916.5,186.5,2023-5-28 15-32-27, 
2300225,2300225,5,10018004,SVTA Radio Hand Pice 4,3,1820,220,5502.0,262.0,2023-5-28 15-32-27, 
2300226,2300226,1,10007000,Crio Lipo,1,36400,3400,34650.0,1650.0,2023-5-28 15-32-32, 
2300226,2300226,2,10008001,DeodLeaser Hand Piece,4,2100,1300,7455.0,355.0,2023-5-28 15-32-32, 
2300227,2300227,1,10018001,SVTA Radio Hand Pice 1,4,1680,360,6678.0,318.0,2023-5-28 15-32-37, 
2300227,2300227,2,10018002,SVTA Radio Hand Pice 2,3,2100,300,6300.0,300.0,2023-5-28 15-32-37, 
2300228,2300228,1,10019000,VCA Laser,1,39200,3200,37800.0,1800.0,2023-5-28 15-32-43, 
2300228,2300228,2,10019001,VCA Leaser Hand Piece,1,40000,4000,37800.0,1800.0,2023-5-28 15-32-43, 
2300229,2300229,1,10015000,Mickcara,1,43400,4400,40950.0,1950.0,2023-5-28 15-32-47, 
2300229,2300229,2,10016000,My Ultrasonic,3,9800,3600,27090.0,1290.0,2023-5-28 15-32-47, 
2300230,2300230,1,10019000,VCA Laser,1,39200,6200,34650.0,1650.0,2023-5-28 15-32-52, 
2300230,2300230,2,10019001,VCA Leaser Hand Piece,2,40000,7500,76125.0,3625.0,2023-5-28 15-32-52, 
2300231,2300231,1,10016000,My Ultrasonic,1,9800,2600,7560.0,360.0,2023-5-28 15-32-56, 
2300232,2300232,1,10019000,VCA Laser,1,39200,9400,31290.0,1490.0,2023-5-28 15-33-0, 
2300232,2300232,2,10019001,VCA Leaser Hand Piece,1,40000,4000,37800.0,1800.0,2023-5-28 15-33-0, 
2300233,2300233,1,10016000,My Ultrasonic,2,9800,1800,18690.0,890.0,2023-5-28 15-33-4, 
2300233,2300233,2,10017000,SPA Slim,1,8400,1400,7350.0,350.0,2023-5-28 15-33-4, 
2300234,2300234,1,10008000,DeodLeaser,1,15400,2400,13650.0,650.0,2023-5-28 15-33-10, 
2300234,2300234,2,10009001,G5 Slimming Applicators,3,2800,240,8568.0,408.0,2023-5-28 15-33-10, 
2300235,2300235,1,10004001,RF Fractional CO2 Laser - Handpiece,1,7700,500,7560.0,360.0,2023-5-28 15-33-15, 
2300235,2300235,2,10004002,RF Fractional CO2 Laser - Accessories,5,1400,20,7329.0,349.0,2023-5-28 15-33-15, 
2300236,2300236,1,10018004,SVTA Radio Hand Pice 4,5,1820,220,9324.0,444.0,2023-5-28 15-33-18, 
2300236,2300236,2,10018005,SVTA Radio Hand Pice 5,4,2240,240,9156.0,436.0,2023-5-28 15-33-18, 
2300237,2300237,1,10004001,RF Fractional CO2 Laser - Handpiece,1,7700,700,7350.0,350.0,2023-5-28 15-33-23, 
2300237,2300237,2,10004002,RF Fractional CO2 Laser - Accessories,7,1400,1600,8610.0,410.0,2023-5-28 15-33-23, 
2300238,2300238,1,10009000,G5 Slimming,1,51800,3800,50400.0,2400.0,2023-5-28 15-33-30, 
2300238,2300238,2,10009001,G5 Slimming Applicators,3,2800,1400,7350.0,350.0,2023-5-28 15-33-30, 
2300238,2300238,3,10010000,Hiemt A,1,85400,4400,85050.0,4050.0,2023-5-28 15-33-30, 
2300239,2300239,1,10011000,Hydra Fresh,1,74200,13000,64260.0,3060.0,2023-5-28 15-50-45, 
2300239,2300239,2,10013000,Jumia,2,25200,5200,47460.0,2260.0,2023-5-28 15-50-45, 
2300239,2300239,3,10016000,My Ultrasonic,2,9800,1600,18900.0,900.0,2023-5-28 15-50-45, 
2300240,2300240,1,10008001,DeodLeaser Hand Piece,4,2100,300,8505.0,405.0,2023-5-28 15-33-42, 
2300240,2300240,2,10008000,DeodLeaser,2,15400,3400,28770.0,1370.0,2023-5-28 15-33-42, 
2300241,2300241,1,10013000,Jumia,1,25200,2200,24150.0,1150.0,2023-5-28 15-33-47, 
2300241,2300241,2,10014000,Konmision,1,39200,3200,37800.0,1800.0,2023-5-28 15-33-47, 
2300242,2300242,1,10018005,SVTA Radio Hand Pice 5,4,2240,240,9156.0,436.0,2023-5-28 15-33-51, 
2300242,2300242,2,10018006,SVTA Radio Hand Pice 6,2,2380,1760,3150.0,150.0,2023-5-28 15-33-51, 
2300243,2300243,1,10012000,Hydra-new,1,16800,280,17346.0,826.0,2023-5-28 15-33-57, 
2300243,2300243,2,10013000,Jumia,1,25200,3200,23100.0,1100.0,2023-5-28 15-33-57, 
2300244,2300244,1,10001000,Microneedling RF,1,31465,2465,30450.0,1450.0,2023-5-28 15-34-1, 
2300244,2300244,2,10001001,Microneedling RF - HandPiece,2,4725,2450,7350.0,350.0,2023-5-28 15-34-1, 
2300245,2300245,1,10018001,SVTA Radio Hand Pice 1,3,1680,360,4914.0,234.0,2023-5-28 15-34-5, 
2300245,2300245,2,10018002,SVTA Radio Hand Pice 2,4,2100,300,8505.0,405.0,2023-5-28 15-34-5, 
2300246,2300246,1,10018003,SVTA Radio Hand Pice 3,3,1960,880,5250.0,250.0,2023-5-28 15-34-9, 
2300246,2300246,2,10018004,SVTA Radio Hand Pice 4,5,1820,220,9324.0,444.0,2023-5-28 15-34-9, 
2300247,2300247,1,10019000,VCA Laser,1,39200,3200,37800.0,1800.0,2023-5-28 15-34-12, 
2300247,2300247,2,10019001,VCA Leaser Hand Piece,1,40000,4000,37800.0,1800.0,2023-5-28 15-34-12, 
2300248,2300248,1,10019000,VCA Laser,1,39200,6200,34650.0,1650.0,2023-5-28 15-34-17, 
2300248,2300248,2,10019001,VCA Leaser Hand Piece,2,40000,7500,76125.0,3625.0,2023-5-28 15-34-17, 
2300249,2300249,1,10016000,My Ultrasonic,2,9800,2600,17850.0,850.0,2023-5-28 15-34-22, 
2300250,2300250,1,10015000,Mickcara,1,43400,4400,40950.0,1950.0,2023-5-28 15-34-28, 
2300250,2300250,2,10016000,My Ultrasonic,2,9800,3600,16800.0,800.0,2023-5-28 15-34-28, 
2300251,2300251,1,10011000,Hydra Fresh,2,74200,15400,139650.0,6650.0,2023-5-28 15-34-33, 
2300251,2300251,2,10012000,Hydra-new,1,16800,3800,13650.0,650.0,2023-5-28 15-34-33, 
2300251,2300251,3,10013000,Jumia,1,25200,5200,21000.0,1000.0,2023-5-28 15-34-33, 
2300252,2300252,1,10008001,DeodLeaser Hand Piece,5,2100,350,10657.5,507.5,2023-5-28 15-34-38, 
2300253,2300253,1,10019000,VCA Laser,2,39200,9400,72450.0,3450.0,2023-5-28 15-34-43, 
2300253,2300253,2,10019001,VCA Leaser Hand Piece,1,40000,4000,37800.0,1800.0,2023-5-28 15-34-43, 
2300254,2300254,1,10001000,Microneedling RF,1,31465,3465,29400.0,1400.0,2023-5-28 15-34-46, 
2300254,2300254,2,10001001,Microneedling RF - HandPiece,2,4725,2175,7638.75,363.75,2023-5-28 15-34-46, 
2300255,2300255,1,10004000,RF Fractional CO2 Laser,1,81900,3900,81900.0,3900.0,2023-5-28 15-34-52, 
2300256,2300256,1,10008000,DeodLeaser,1,15400,3400,12600.0,600.0,2023-5-28 15-34-58, 
2300256,2300256,2,10008001,DeodLeaser Hand Piece,3,2100,300,6300.0,300.0,2023-5-28 15-34-58, 
2300257,2300257,1,10018003,SVTA Radio Hand Pice 3,2,1960,1880,2142.0,102.0,2023-5-28 15-35-5, 
2300257,2300257,2,10018004,SVTA Radio Hand Pice 4,3,1820,320,5397.0,257.0,2023-5-28 15-35-5, 
2300258,2300258,1,10008001,DeodLeaser Hand Piece,2,2100,300,4095.0,195.0,2023-5-28 15-35-9, 
2300259,2300259,1,10018000,SVTA Radio,1,25200,4400,21840.0,1040.0,2023-5-28 15-35-13, 
2300259,2300259,2,10019000,VCA Laser,2,39200,320,81984.0,3904.0,2023-5-28 15-35-13, 
2300260,2300260,1,10007000,Crio Lipo,1,36400,3400,34650.0,1650.0,2023-6-3 1-42-4, 
2300260,2300260,2,10008001,DeodLeaser Hand Piece,3,2100,1300,5250.0,250.0,2023-6-3 1-42-4, 
2300261,2300261,1,10019000,VCA Laser,1,39200,3200,37800.0,1800.0,2023-6-3 1-42-31, 
2300261,2300261,2,10019001,VCA Leaser Hand Piece,1,40000,4000,37800.0,1800.0,2023-6-3 1-42-31, 
2300262,2300262,1,10006000,Caviation Laser,1,24500,6000,19425.0,925.0,2023-6-3 1-42-54, 
2300263,2300263,1,10003000,Portable Diode Laser Hair Removal Equipment,1,47180,6180,43050.0,2050.0,2023-6-3 1-43-11, 
2300263,2300263,2,10003001,Portable Diode Laser Hair Removal Equipment - Hand Piece,3,6300,3900,15750.0,750.0,2023-6-3 1-43-11, 
2300264,2300264,1,10018001,SVTA Radio Hand Pice 1,5,1680,360,8442.0,402.0,2023-6-3 1-43-45, 
2300264,2300264,2,10018002,SVTA Radio Hand Pice 2,5,2100,300,10710.0,510.0,2023-6-3 1-43-45, 
2300265,2300265,1,10018004,SVTA Radio Hand Pice 4,5,1820,200,9345.0,445.0,2023-6-3 1-44-52, 
2300265,2300265,2,10018005,SVTA Radio Hand Pice 5,1,2240,140,2205.0,105.0,2023-6-3 1-44-52, 
2300266,2300266,1,10018007,SVTA Radio Hand Pice 7,3,2520,1040,6846.0,326.0,2023-6-3 1-45-8, 
2300266,2300266,2,10018008,SVTA Radio Hand Pice 8,4,1400,350,5512.5,262.5,2023-6-3 1-45-8, 
2300267,2300267,1,10016000,My Ultrasonic,2,9800,1800,18690.0,890.0,2023-6-3 1-45-41, 
2300267,2300267,2,10017000,SPA Slim,2,8400,1400,16170.0,770.0,2023-6-3 1-45-41, 
2300270,2300270,1,10006000,Caviation Laser,1,24500,3500,22050.0,1050.0,2023-6-6 23-35-37, 
2300270,2300270,2,10007000,Crio Lipo,1,36400,5400,32550.0,1550.0,2023-6-6 23-35-37, 
2300270,2300270,3,10009001,G5 Slimming Applicators,3,2800,550,8242.5,392.5,2023-6-6 23-35-37, 
