id,qotRef,sno,itmCod,desc,qty,price,disc,tot,vat,traDate,action
2300001,2300001,1,10001000,Microneedling RF,1,31465,2465,30450,1450,2023-5-28 2-54-35,
2300001,2300001,2,10001001,Microneedling RF - HandPiece,2,4725,1450,8400,400,2023-5-28 2-54-35,
2300001,2300001,3,10004001,RF Fractional CO2 Laser - Handpiece,1,7700,1700,6300,300,2023-5-28 2-54-35,
2300001,2300001,4,10004002,RF Fractional CO2 Laser - Accessories,2,1400,400,2520,120,2023-5-28 2-54-35,
2300002,2300002,1,10004001,RF Fractional CO2 Laser - Handpiece,1,7700,500,7560,360,2023-5-28 2-56-52,
2300002,2300002,2,10004002,RF Fractional CO2 Laser - Accessories,2,1400,20,2919,139,2023-5-28 2-56-52,
2300003,2300003,1,10004000,RF Fractional CO2 Laser,1,81900,2900,82950,3950,2023-5-28 2-58-28,
2300003,2300003,2,10004001,RF Fractional CO2 Laser - Handpiece,1,7700,300,7770,370,2023-5-28 2-58-28,
2300004,2300004,1,10008000,DeodLeaser,1,15400,300,15855,755,2023-5-28 3-0-34,
2300004,2300004,2,10009001,G5 Slimming Applicators,1,2800,255,2672.25,127.25,2023-5-28 3-0-34,
2300004,2300004,3,10014000,Konmision,1,39200,1200,39900,1900,2023-5-28 3-0-34,
2300005,2300005,1,10001000,Microneedling RF,1,31465,2465,30450,1450,2023-5-28 3-2-26,
2300005,2300005,2,10001001,Microneedling RF - HandPiece,1,4725,650,4278.75,203.75,2023-5-28 3-2-26,
2300006,2300006,1,10018004,SVTA Radio Hand Pice 4,1,1820,220,1680,80,2023-5-28 3-4-40,
2300006,2300006,2,10018005,SVTA Radio Hand Pice 5,1,2240,240,2100,100,2023-5-28 3-4-40,
2300007,2300007,1,10018007,SVTA Radio Hand Pice 7,2,2520,500,4767,227,2023-5-28 3-7-55,
2300007,2300007,2,10018008,SVTA Radio Hand Pice 8,1,1400,30,1438.5,68.5,2023-5-28 3-7-55,
2300007,2300007,3,10018000,SVTA Radio,1,25200,3200,23100,1100,2023-5-28 3-7-55,
2300008,2300008,1,10018001,SVTA Radio Hand Pice 1,1,1680,280,1470,70,2023-5-28 3-14-18,
2300008,2300008,2,10018000,SVTA Radio,1,25200,3200,23100,1100,2023-5-28 3-14-18,
2300009,2300009,1,10004001,RF Fractional CO2 Laser - Handpiece,1,7700,700,7350,350,2023-5-28 3-16-53,
2300009,2300009,2,10004002,RF Fractional CO2 Laser - Accessories,4,1400,1600,4200,200,2023-5-28 3-16-53,
2300010,2300010,1,10007000,Crio Lipo,1,36400,4400,33600,1600,2023-5-28 3-19-16,
2300010,2300010,2,10008001,DeodLeaser Hand Piece,1,2100,300,1890,90,2023-5-28 3-19-16,
2300011,2300011,1,10018000,SVTA Radio,1,25200,500,25935,1235,2023-5-28 3-22-7,
2300011,2300011,2,10018001,SVTA Radio Hand Pice 1,1,1680,180,1575,75,2023-5-28 3-22-7,
2300011,2300011,3,10018002,SVTA Radio Hand Pice 2,1,2100,200,1995,95,2023-5-28 3-22-7,
2300011,2300011,4,10018003,SVTA Radio Hand Pice 3,1,1960,190,1858.5,88.5,2023-5-28 3-22-7,
2300011,2300011,5,10018004,SVTA Radio Hand Pice 4,1,1820,220,1680,80,2023-5-28 3-22-7,
2300012,2300012,1,10008000,DeodLeaser,1,15400,2400,13650,650,2023-5-28 3-24-49,
2300012,2300012,2,10009001,G5 Slimming Applicators,1,2800,240,2688,128,2023-5-28 3-24-49,
2300013,2300013,1,10012000,Hydra-new,1,16800,280,17346,826,2023-5-28 3-27-6,
2300013,2300013,2,10013000,Jumia,1,25200,3200,23100,1100,2023-5-28 3-27-6,
2300014,2300014,1,10001000,Microneedling RF,1,31465,2465,30450,1450,2023-5-28 3-28-36,
2300014,2300014,2,10001001,Microneedling RF - HandPiece,2,4725,2450,7350,350,2023-5-28 3-28-36,
2300015,2300015,1,10018001,SVTA Radio Hand Pice 1,2,1680,360,3150,150,2023-5-28 3-31-43,
2300015,2300015,2,10018002,SVTA Radio Hand Pice 2,1,2100,300,1890,90,2023-5-28 3-31-43,
2300016,2300016,1,10007000,Crio Lipo,1,36400,3400,34650,1650,2023-5-28 3-34-17,
2300016,2300016,2,10008001,DeodLeaser Hand Piece,3,2100,1300,5250,250,2023-5-28 3-34-17,
2300017,2300017,1,10018003,SVTA Radio Hand Pice 3,3,1960,1880,4200,200,2023-5-28 3-35-36,
2300017,2300017,2,10018004,SVTA Radio Hand Pice 4,1,1820,320,1575,75,2023-5-28 3-35-36,
2300018,2300018,1,10019000,VCA Laser,1,39200,3200,37800,1800,2023-5-28 3-37-17,
2300018,2300018,2,10019001,VCA Leaser Hand Piece,1,40000,4000,37800,1800,2023-5-28 3-37-17,
2300019,2300019,1,10018005,SVTA Radio Hand Pice 5,1,2240,240,2100,100,2023-5-28 3-38-42,
2300019,2300019,2,10018006,SVTA Radio Hand Pice 6,2,2380,1760,3150,150,2023-5-28 3-38-42,
2300020,2300020,1,10008001,DeodLeaser Hand Piece,2,2100,300,4095,195,2023-5-28 3-40-43,
2300021,2300021,1,10006000,Caviation Laser,2,24500,6000,45150,2150,2023-5-28 3-42-10,
2300022,2300022,1,10018000,SVTA Radio,2,25200,4400,48300,2300,2023-5-28 3-45-5,
2300022,2300022,2,10019000,VCA Laser,1,39200,320,40824,1944,2023-5-28 3-45-5,
2300023,2300023,1,10009000,G5 Slimming,1,51800,3800,50400,2400,2023-5-28 3-48-11,
2300023,2300023,2,10009001,G5 Slimming Applicators,3,2800,1400,7350,350,2023-5-28 3-48-11,
2300023,2300023,3,10010000,Hiemt A,1,85400,4400,85050,4050,2023-5-28 3-48-11,
2300024,2300024,1,10011000,Hydra Fresh,1,74200,14200,63000,3000,2023-5-28 3-50-31,
2300024,2300024,2,10013000,Jumia,1,25200,5200,21000,1000,2023-5-28 3-50-31,
2300024,2300024,3,10016000,My Ultrasonic,2,9800,1600,18900,900,2023-5-28 3-50-31,
2300025,2300025,1,10008001,DeodLeaser Hand Piece,2,2100,300,4095,195,2023-5-28 3-57-53,
2300025,2300025,2,10008000,DeodLeaser,1,15400,3400,12600,600,2023-5-28 3-57-53,
2300026,2300026,1,10013000,Jumia,1,25200,2200,24150,1150,2023-5-28 3-59-12,
2300026,2300026,2,10014000,Konmision,1,39200,3200,37800,1800,2023-5-28 3-59-12,
2300027,2300027,1,10003000,Portable Diode Laser Hair Removal Equipment,1,47180,6180,43050,2050,2023-5-28 4-0-22,
2300027,2300027,2,10003001,Portable Diode Laser Hair Removal Equipment - Hand Piece,3,6300,3900,15750,750,2023-5-28 4-0-22,
2300028,2300028,1,10018001,SVTA Radio Hand Pice 1,2,1680,360,3150,150,2023-5-28 4-1-44,
2300028,2300028,2,10018002,SVTA Radio Hand Pice 2,1,2100,300,1890,90,2023-5-28 4-1-44,
2300029,2300029,1,10017000,SPA Slim,1,8400,400,8400,400,2023-5-28 4-3-31,
2300029,2300029,2,10018001,SVTA Radio Hand Pice 1,2,1680,360,3150,150,2023-5-28 4-3-31,
2300030,2300030,1,10018003,SVTA Radio Hand Pice 3,3,1960,880,5250,250,2023-5-28 4-5-2,
2300030,2300030,2,10018004,SVTA Radio Hand Pice 4,1,1820,220,1680,80,2023-5-28 4-5-2,
2300031,2300031,1,10015000,Mickcara,1,43400,4400,40950,1950,2023-5-28 4-6-20,
2300031,2300031,2,10016000,My Ultrasonic,2,9800,3600,16800,800,2023-5-28 4-6-20,
2300032,2300032,1,10019000,VCA Laser,1,39200,3200,37800,1800,2023-5-28 4-7-27,
2300032,2300032,2,10019001,VCA Leaser Hand Piece,1,40000,4000,37800,1800,2023-5-28 4-7-27,
2300033,2300033,1,10019000,VCA Laser,1,39200,6200,34650,1650,2023-5-28 4-8-58,
2300033,2300033,2,10019001,VCA Leaser Hand Piece,2,40000,7500,76125,3625,2023-5-28 4-8-58,
2300034,2300034,1,10008001,DeodLeaser Hand Piece,2,2100,350,4042.5,192.5,2023-5-28 4-10-39,
2300035,2300035,1,10016000,My Ultrasonic,2,9800,2600,17850,850,2023-5-28 4-11-47,
2300036,2300036,1,10011000,Hydra Fresh,2,74200,15400,139650,6650,2023-5-28 4-14-33,
2300036,2300036,2,10012000,Hydra-new,1,16800,3800,13650,650,2023-5-28 4-14-33,
2300036,2300036,3,10013000,Jumia,1,25200,5200,21000,1000,2023-5-28 4-14-33,
2300037,2300037,1,10006000,Caviation Laser,1,24500,3500,22050,1050,2023-5-28 4-16-36,
2300037,2300037,2,10007000,Crio Lipo,1,36400,5400,32550,1550,2023-5-28 4-16-36,
2300037,2300037,3,10009001,G5 Slimming Applicators,2,2800,550,5302.5,252.5,2023-5-28 4-16-36,
2300038,2300038,1,10019000,VCA Laser,2,39200,9400,72450,3450,2023-5-28 4-17-42,
2300038,2300038,2,10019001,VCA Leaser Hand Piece,1,40000,4000,37800,1800,2023-5-28 4-17-42,
2300039,2300039,1,10004000,RF Fractional CO2 Laser,1,81900,3900,81900,3900,2023-5-28 4-18-43,
2300040,2300040,1,10001000,Microneedling RF,1,31465,3465,29400,1400,2023-5-28 4-20-19,
2300040,2300040,2,10001001,Microneedling RF - HandPiece,3,4725,2175,12600,600,2023-5-28 4-20-19,
2300041,2300041,1,10018004,SVTA Radio Hand Pice 4,1,1820,200,1701,81,2023-5-28 4-21-16,
2300041,2300041,2,10018005,SVTA Radio Hand Pice 5,1,2240,140,2205,105,2023-5-28 4-21-16,
2300042,2300042,1,10018007,SVTA Radio Hand Pice 7,2,2520,1040,4200,200,2023-5-28 4-22-29,
2300042,2300042,2,10018008,SVTA Radio Hand Pice 8,1,1400,350,1102.5,52.5,2023-5-28 4-22-29,
2300043,2300043,1,10008000,DeodLeaser,1,15400,3400,12600,600,2023-5-28 4-23-58,
2300043,2300043,2,10008001,DeodLeaser Hand Piece,1,2100,300,1890,90,2023-5-28 4-23-58,
2300044,2300044,1,10016000,My Ultrasonic,1,9800,1800,8400,400,2023-5-28 4-25-20,
2300044,2300044,2,10017000,SPA Slim,1,8400,1400,7350,350,2023-5-28 4-25-20,
2300045,2300045,1,10018005,SVTA Radio Hand Pice 5,2,2240,4800,-336,-16,2023-5-28 4-26-49,
2300045,2300045,2,10018006,SVTA Radio Hand Pice 6,1,2380,0,2499,119,2023-5-28 4-26-49,
2300045,2300045,3,10018007,SVTA Radio Hand Pice 7,1,2520,0,2646,126,2023-5-28 4-26-49,
2300045,2300045,4,10018008,SVTA Radio Hand Pice 8,1,1400,0,1470,70,2023-5-28 4-26-49,
2300045,2300045,5,10018000,SVTA Radio,1,25200,3200,23100,1100,2023-5-28 4-26-49,
2300047,2300047,1,10001000,Microneedling RF,2,31465,2465,63488.25,3023.25,2023-5-28 2-54-35,
2300047,2300047,2,10001001,Microneedling RF - HandPiece,3,4725,1450,13361.25,636.25,2023-5-28 2-54-35,
2300047,2300047,3,10004001,RF Fractional CO2 Laser - Handpiece,2,7700,1700,14385,685,2023-5-28 2-54-35,
2300047,2300047,4,10004002,RF Fractional CO2 Laser - Accessories,2,1400,400,2520,120,2023-5-28 2-54-35,
2300048,2300048,1,10004001,RF Fractional CO2 Laser - Handpiece,2,7700,500,15645,745,2023-5-28 2-56-52,
2300048,2300048,2,10004002,RF Fractional CO2 Laser - Accessories,3,1400,20,4389,209,2023-5-28 2-56-52,
2300049,2300049,1,10004000,RF Fractional CO2 Laser,2,81900,2900,168945,8045,2023-5-28 2-58-28,
2300049,2300049,2,10004001,RF Fractional CO2 Laser - Handpiece,1,7700,300,7770,370,2023-5-28 2-58-28,
2300050,2300050,1,10008000,DeodLeaser,1,15400,300,15855,755,2023-5-28 3-0-34,
2300050,2300050,2,10009001,G5 Slimming Applicators,2,2800,255,5612.25,267.25,2023-5-28 3-0-34,
2300050,2300050,3,10014000,Konmision,1,39200,1200,39900,1900,2023-5-28 3-0-34,
2300051,2300051,1,10001000,Microneedling RF,1,31465,2465,30450,1450,2023-5-28 3-2-26,
2300051,2300051,2,10001001,Microneedling RF - HandPiece,2,4725,650,9240,440,2023-5-28 3-2-26,
2300052,2300052,1,10018004,SVTA Radio Hand Pice 4,3,1820,220,5502,262,2023-5-28 3-4-40,
2300052,2300052,2,10018005,SVTA Radio Hand Pice 5,3,2240,240,6804,324,2023-5-28 3-4-40,
2300053,2300053,1,10018007,SVTA Radio Hand Pice 7,1,2520,500,2121,101,2023-5-28 3-7-55,
2300053,2300053,2,10018008,SVTA Radio Hand Pice 8,3,1400,30,4378.5,208.5,2023-5-28 3-7-55,
2300053,2300053,3,10018000,SVTA Radio,2,25200,3200,49560,2360,2023-5-28 3-7-55,
2300054,2300054,1,10018001,SVTA Radio Hand Pice 1,3,1680,280,4998,238,2023-5-28 3-14-18,
2300054,2300054,2,10018000,SVTA Radio,1,25200,3200,23100,1100,2023-5-28 3-14-18,
2300055,2300055,1,10004001,RF Fractional CO2 Laser - Handpiece,2,7700,700,15435,735,2023-5-28 3-16-53,
2300055,2300055,2,10004002,RF Fractional CO2 Laser - Accessories,5,1400,1600,5670,270,2023-5-28 3-16-53,
2300056,2300056,1,10007000,Crio Lipo,1,36400,4400,33600,1600,2023-5-28 3-19-16,
2300056,2300056,2,10008001,DeodLeaser Hand Piece,3,2100,300,6300,300,2023-5-28 3-19-16,
2300057,2300057,1,10018000,SVTA Radio,1,25200,500,25935,1235,2023-5-28 3-22-7,
2300057,2300057,2,10018001,SVTA Radio Hand Pice 1,1,1680,180,1575,75,2023-5-28 3-22-7,
2300057,2300057,3,10018002,SVTA Radio Hand Pice 2,1,2100,200,1995,95,2023-5-28 3-22-7,
2300057,2300057,4,10018003,SVTA Radio Hand Pice 3,1,1960,190,1858.5,88.5,2023-5-28 3-22-7,
2300057,2300057,5,10018004,SVTA Radio Hand Pice 4,2,1820,220,3591,171,2023-5-28 3-22-7,
2300058,2300058,1,10008000,DeodLeaser,1,15400,2400,13650,650,2023-5-28 3-24-49,
2300058,2300058,2,10009001,G5 Slimming Applicators,1,2800,240,2688,128,2023-5-28 3-24-49,
2300059,2300059,1,10012000,Hydra-new,1,16800,280,17346,826,2023-5-28 3-27-6,
2300059,2300059,2,10013000,Jumia,1,25200,3200,23100,1100,2023-5-28 3-27-6,
2300060,2300060,1,10001000,Microneedling RF,1,31465,2465,30450,1450,2023-5-28 3-28-36,
2300060,2300060,2,10001001,Microneedling RF - HandPiece,1,4725,2450,2388.75,113.75,2023-5-28 3-28-36,
2300061,2300061,1,10018001,SVTA Radio Hand Pice 1,1,1680,360,1386,66,2023-5-28 3-31-43,
2300061,2300061,2,10018002,SVTA Radio Hand Pice 2,2,2100,300,4095,195,2023-5-28 3-31-43,
2300062,2300062,1,10007000,Crio Lipo,1,36400,3400,34650,1650,2023-5-28 3-34-17,
2300062,2300062,2,10008001,DeodLeaser Hand Piece,2,2100,1300,3045,145,2023-5-28 3-34-17,
2300063,2300063,1,10018003,SVTA Radio Hand Pice 3,1,1960,1880,84,4,2023-5-28 3-35-36,
2300063,2300063,2,10018004,SVTA Radio Hand Pice 4,2,1820,320,3486,166,2023-5-28 3-35-36,
2300064,2300064,1,10019000,VCA Laser,1,39200,3200,37800,1800,2023-5-28 3-37-17,
2300064,2300064,2,10019001,VCA Leaser Hand Piece,1,40000,4000,37800,1800,2023-5-28 3-37-17,
2300065,2300065,1,10018005,SVTA Radio Hand Pice 5,2,2240,240,4452,212,2023-5-28 3-38-42,
2300065,2300065,2,10018006,SVTA Radio Hand Pice 6,1,2380,1760,651,31,2023-5-28 3-38-42,
2300066,2300066,1,10008001,DeodLeaser Hand Piece,1,2100,300,1890,90,2023-5-28 3-40-43,
2300067,2300067,1,10006000,Caviation Laser,1,24500,6000,19425,925,2023-5-28 3-42-10,
2300068,2300068,1,10018000,SVTA Radio,1,25200,4400,21840,1040,2023-5-28 3-45-5,
2300068,2300068,2,10019000,VCA Laser,2,39200,320,81984,3904,2023-5-28 3-45-5,
2300069,2300069,1,10009000,G5 Slimming,1,51800,3800,50400,2400,2023-5-28 3-48-11,
2300069,2300069,2,10009001,G5 Slimming Applicators,2,2800,1400,4410,210,2023-5-28 3-48-11,
2300069,2300069,3,10010000,Hiemt A,1,85400,4400,85050,4050,2023-5-28 3-48-11,
2300070,2300070,1,10011000,Hydra Fresh,1,74200,14200,63000,3000,2023-5-28 3-50-31,
2300070,2300070,2,10013000,Jumia,1,25200,5200,21000,1000,2023-5-28 3-50-31,
2300070,2300070,3,10016000,My Ultrasonic,1,9800,1600,8610,410,2023-5-28 3-50-31,
2300071,2300071,1,10008001,DeodLeaser Hand Piece,3,2100,300,6300,300,2023-5-28 3-57-53,
2300071,2300071,2,10008000,DeodLeaser,1,15400,3400,12600,600,2023-5-28 3-57-53,
2300072,2300072,1,10013000,Jumia,1,25200,2200,24150,1150,2023-5-28 3-59-12,
2300072,2300072,2,10014000,Konmision,1,39200,3200,37800,1800,2023-5-28 3-59-12,
2300073,2300073,1,10003000,Portable Diode Laser Hair Removal Equipment,1,47180,6180,43050,2050,2023-5-28 4-0-22,
2300073,2300073,2,10003001,Portable Diode Laser Hair Removal Equipment - Hand Piece,2,6300,3900,9135,435,2023-5-28 4-0-22,
2300074,2300074,1,10018001,SVTA Radio Hand Pice 1,4,1680,360,6678,318,2023-5-28 4-1-44,
2300074,2300074,2,10018002,SVTA Radio Hand Pice 2,3,2100,300,6300,300,2023-5-28 4-1-44,
2300075,2300075,1,10017000,SPA Slim,1,8400,400,8400,400,2023-5-28 4-3-31,
2300075,2300075,2,10018001,SVTA Radio Hand Pice 1,3,1680,360,4914,234,2023-5-28 4-3-31,
2300076,2300076,1,10018003,SVTA Radio Hand Pice 3,2,1960,880,3192,152,2023-5-28 4-5-2,
2300076,2300076,2,10018004,SVTA Radio Hand Pice 4,2,1820,220,3591,171,2023-5-28 4-5-2,
2300077,2300077,1,10015000,Mickcara,1,43400,4400,40950,1950,2023-5-28 4-6-20,
2300077,2300077,2,10016000,My Ultrasonic,1,9800,3600,6510,310,2023-5-28 4-6-20,
2300078,2300078,1,10019000,VCA Laser,1,39200,3200,37800,1800,2023-5-28 4-7-27,
2300078,2300078,2,10019001,VCA Leaser Hand Piece,1,40000,4000,37800,1800,2023-5-28 4-7-27,
2300079,2300079,1,10019000,VCA Laser,1,39200,6200,34650,1650,2023-5-28 4-8-58,
2300079,2300079,2,10019001,VCA Leaser Hand Piece,2,40000,7500,76125,3625,2023-5-28 4-8-58,
2300080,2300080,1,10008001,DeodLeaser Hand Piece,4,2100,350,8452.5,402.5,2023-5-28 4-10-39,
2300081,2300081,1,10016000,My Ultrasonic,1,9800,2600,7560,360,2023-5-28 4-11-47,
2300082,2300082,1,10011000,Hydra Fresh,2,74200,15400,139650,6650,2023-5-28 4-14-33,
2300082,2300082,2,10012000,Hydra-new,1,16800,3800,13650,650,2023-5-28 4-14-33,
2300082,2300082,3,10013000,Jumia,1,25200,5200,21000,1000,2023-5-28 4-14-33,
2300083,2300083,1,10006000,Caviation Laser,1,24500,3500,22050,1050,2023-5-28 4-16-36,
2300083,2300083,2,10007000,Crio Lipo,1,36400,5400,32550,1550,2023-5-28 4-16-36,
2300083,2300083,3,10009001,G5 Slimming Applicators,4,2800,550,11182.5,532.5,2023-5-28 4-16-36,
2300084,2300084,1,10019000,VCA Laser,2,39200,9400,72450,3450,2023-5-28 4-17-42,
2300084,2300084,2,10019001,VCA Leaser Hand Piece,1,40000,4000,37800,1800,2023-5-28 4-17-42,
2300085,2300085,1,10004000,RF Fractional CO2 Laser,1,81900,3900,81900,3900,2023-5-28 4-18-43,
2300086,2300086,1,10001000,Microneedling RF,1,31465,3465,29400,1400,2023-5-28 4-20-19,
2300086,2300086,2,10001001,Microneedling RF - HandPiece,4,4725,2175,17561.25,836.25,2023-5-28 4-20-19,
2300087,2300087,1,10018004,SVTA Radio Hand Pice 4,2,1820,200,3612,172,2023-5-28 4-21-16,
2300087,2300087,2,10018005,SVTA Radio Hand Pice 5,2,2240,140,4557,217,2023-5-28 4-21-16,
2300088,2300088,1,10018007,SVTA Radio Hand Pice 7,2,2520,1040,4200,200,2023-5-28 4-22-29,
2300088,2300088,2,10018008,SVTA Radio Hand Pice 8,3,1400,350,4042.5,192.5,2023-5-28 4-22-29,
2300089,2300089,1,10008000,DeodLeaser,1,15400,3400,12600,600,2023-5-28 4-23-58,
2300089,2300089,2,10008001,DeodLeaser Hand Piece,2,2100,300,4095,195,2023-5-28 4-23-58,
2300090,2300090,1,10016000,My Ultrasonic,2,9800,1800,18690,890,2023-5-28 4-25-20,
2300090,2300090,2,10017000,SPA Slim,1,8400,1400,7350,350,2023-5-28 4-25-20,
2300091,2300091,1,10018005,SVTA Radio Hand Pice 5,3,2240,4800,2016,96,2023-5-28 4-26-49,
2300091,2300091,2,10018006,SVTA Radio Hand Pice 6,4,2380,0,9996,476,2023-5-28 4-26-49,
2300091,2300091,3,10018007,SVTA Radio Hand Pice 7,4,2520,0,10584,504,2023-5-28 4-26-49,
2300091,2300091,4,10018008,SVTA Radio Hand Pice 8,3,1400,0,4410,210,2023-5-28 4-26-49,
2300091,2300091,5,10018000,SVTA Radio,1,25200,3200,23100,1100,2023-5-28 4-26-49,
2300092,2300092,1,10001000,Microneedling RF,2,31465,2465,63488.25,3023.25,2023-5-28 4-25-19,
2300092,2300092,2,10001001,Microneedling RF - HandPiece,3,4725,1450,13361.25,636.25,2023-5-28 4-25-19,
2300092,2300092,3,10004001,RF Fractional CO2 Laser - Handpiece,2,7700,1700,14385,685,2023-5-28 4-25-19,
2300092,2300092,4,10004002,RF Fractional CO2 Laser - Accessories,1,1400,400,1050,50,2023-5-28 4-25-19,
2300093,2300093,1,10004001,RF Fractional CO2 Laser - Handpiece,2,7700,500,15645,745,2023-5-28 4-25-21,
2300093,2300093,2,10004002,RF Fractional CO2 Laser - Accessories,1,1400,20,1449,69,2023-5-28 4-25-21,
2300094,2300094,1,10004000,RF Fractional CO2 Laser,1,81900,2900,82950,3950,2023-5-28 4-25-23,
2300094,2300094,2,10004001,RF Fractional CO2 Laser - Handpiece,2,7700,300,15855,755,2023-5-28 4-25-23,
2300095,2300095,1,10008000,DeodLeaser,2,15400,300,32025,1525,2023-5-28 4-25-25,
2300095,2300095,2,10009001,G5 Slimming Applicators,2,2800,255,5612.25,267.25,2023-5-28 4-25-25,
2300095,2300095,3,10014000,Konmision,1,39200,1200,39900,1900,2023-5-28 4-25-25,
2300096,2300096,1,10001000,Microneedling RF,1,31465,2465,30450,1450,2023-5-28 4-25-27,
2300096,2300096,2,10001001,Microneedling RF - HandPiece,2,4725,650,9240,440,2023-5-28 4-25-27,
2300097,2300097,1,10018004,SVTA Radio Hand Pice 4,2,1820,220,3591,171,2023-5-28 4-25-29,
2300097,2300097,2,10018005,SVTA Radio Hand Pice 5,1,2240,240,2100,100,2023-5-28 4-25-29,
2300098,2300098,1,10018007,SVTA Radio Hand Pice 7,1,2520,500,2121,101,2023-5-28 4-25-31,
2300098,2300098,2,10018008,SVTA Radio Hand Pice 8,1,1400,30,1438.5,68.5,2023-5-28 4-25-31,
2300098,2300098,3,10018000,SVTA Radio,2,25200,3200,49560,2360,2023-5-28 4-25-31,
2300099,2300099,1,10018001,SVTA Radio Hand Pice 1,1,1680,280,1470,70,2023-5-28 4-25-33,
2300099,2300099,2,10018000,SVTA Radio,2,25200,3200,49560,2360,2023-5-28 4-25-33,
2300100,2300100,1,10004001,RF Fractional CO2 Laser - Handpiece,1,7700,700,7350,350,2023-5-28 4-25-35,
2300100,2300100,2,10004002,RF Fractional CO2 Laser - Accessories,1,1400,1600,-210,-10,2023-5-28 4-25-35,
2300101,2300101,1,10007000,Crio Lipo,1,36400,4400,33600,1600,2023-5-28 4-25-37,
2300101,2300101,2,10008001,DeodLeaser Hand Piece,2,2100,300,4095,195,2023-5-28 4-25-37,
2300102,2300102,1,10018000,SVTA Radio,1,25200,500,25935,1235,2023-5-28 4-25-39,
2300102,2300102,2,10018001,SVTA Radio Hand Pice 1,2,1680,180,3339,159,2023-5-28 4-25-39,
2300102,2300102,3,10018002,SVTA Radio Hand Pice 2,2,2100,200,4200,200,2023-5-28 4-25-39,
2300102,2300102,4,10018003,SVTA Radio Hand Pice 3,1,1960,190,1858.5,88.5,2023-5-28 4-25-39,
2300102,2300102,5,10018004,SVTA Radio Hand Pice 4,2,1820,220,3591,171,2023-5-28 4-25-39,
2300103,2300103,1,10008000,DeodLeaser,1,15400,2400,13650,650,2023-5-28 4-25-41,
2300103,2300103,2,10009001,G5 Slimming Applicators,2,2800,240,5628,268,2023-5-28 4-25-41,
2300104,2300104,1,10012000,Hydra-new,1,16800,280,17346,826,2023-5-28 4-25-43,
2300104,2300104,2,10013000,Jumia,1,25200,3200,23100,1100,2023-5-28 4-25-43,
2300105,2300105,1,10001000,Microneedling RF,1,31465,2465,30450,1450,2023-5-28 4-25-45,
2300105,2300105,2,10001001,Microneedling RF - HandPiece,1,4725,2450,2388.75,113.75,2023-5-28 4-25-45,
2300106,2300106,1,10018001,SVTA Radio Hand Pice 1,1,1680,360,1386,66,2023-5-28 4-25-47,
2300106,2300106,2,10018002,SVTA Radio Hand Pice 2,2,2100,300,4095,195,2023-5-28 4-25-47,
2300107,2300107,1,10007000,Crio Lipo,1,36400,3400,34650,1650,2023-5-28 4-25-49,
2300107,2300107,2,10008001,DeodLeaser Hand Piece,2,2100,1300,3045,145,2023-5-28 4-25-49,
2300108,2300108,1,10018003,SVTA Radio Hand Pice 3,1,1960,1880,84,4,2023-5-28 4-25-51,
2300108,2300108,2,10018004,SVTA Radio Hand Pice 4,2,1820,320,3486,166,2023-5-28 4-25-51,
2300109,2300109,1,10019000,VCA Laser,1,39200,3200,37800,1800,2023-5-28 4-25-53,
2300109,2300109,2,10019001,VCA Leaser Hand Piece,1,40000,4000,37800,1800,2023-5-28 4-25-53,
2300110,2300110,1,10018005,SVTA Radio Hand Pice 5,3,2240,240,6804,324,2023-5-28 4-25-55,
2300110,2300110,2,10018006,SVTA Radio Hand Pice 6,1,2380,1760,651,31,2023-5-28 4-25-55,
2300111,2300111,1,10008001,DeodLeaser Hand Piece,1,2100,300,1890,90,2023-5-28 4-25-57,
2300112,2300112,1,10006000,Caviation Laser,1,24500,6000,19425,925,2023-5-28 4-25-59,
2300113,2300113,1,10018000,SVTA Radio,1,25200,4400,21840,1040,2023-5-28 4-26-1,
2300113,2300113,2,10019000,VCA Laser,2,39200,320,81984,3904,2023-5-28 4-26-1,
2300114,2300114,1,10009000,G5 Slimming,1,51800,3800,50400,2400,2023-5-28 4-26-3,
2300114,2300114,2,10009001,G5 Slimming Applicators,2,2800,1400,4410,210,2023-5-28 4-26-3,
2300114,2300114,3,10010000,Hiemt A,1,85400,4400,85050,4050,2023-5-28 4-26-3,
2300115,2300115,1,10011000,Hydra Fresh,1,74200,14200,63000,3000,2023-5-28 4-26-5,
2300115,2300115,2,10013000,Jumia,1,25200,5200,21000,1000,2023-5-28 4-26-5,
2300115,2300115,3,10016000,My Ultrasonic,1,9800,1600,8610,410,2023-5-28 4-26-5,
2300116,2300116,1,10008001,DeodLeaser Hand Piece,3,2100,300,6300,300,2023-5-28 4-26-7,
2300116,2300116,2,10008000,DeodLeaser,1,15400,3400,12600,600,2023-5-28 4-26-7,
2300117,2300117,1,10013000,Jumia,1,25200,2200,24150,1150,2023-5-28 4-26-9,
2300117,2300117,2,10014000,Konmision,1,39200,3200,37800,1800,2023-5-28 4-26-9,
2300118,2300118,1,10003000,Portable Diode Laser Hair Removal Equipment,1,47180,6180,43050,2050,2023-5-28 4-26-11,
2300118,2300118,2,10003001,Portable Diode Laser Hair Removal Equipment - Hand Piece,2,6300,3900,9135,435,2023-5-28 4-26-11,
2300119,2300119,1,10018001,SVTA Radio Hand Pice 1,3,1680,360,4914,234,2023-5-28 4-26-13,
2300119,2300119,2,10018002,SVTA Radio Hand Pice 2,2,2100,300,4095,195,2023-5-28 4-26-13,
2300120,2300120,1,10017000,SPA Slim,1,8400,400,8400,400,2023-5-28 4-26-15,
2300120,2300120,2,10018001,SVTA Radio Hand Pice 1,3,1680,360,4914,234,2023-5-28 4-26-15,
2300121,2300121,1,10018003,SVTA Radio Hand Pice 3,2,1960,880,3192,152,2023-5-28 4-26-17,
2300121,2300121,2,10018004,SVTA Radio Hand Pice 4,2,1820,220,3591,171,2023-5-28 4-26-17,
2300122,2300122,1,10015000,Mickcara,1,43400,4400,40950,1950,2023-5-28 4-26-19,
2300122,2300122,2,10016000,My Ultrasonic,1,9800,3600,6510,310,2023-5-28 4-26-19,
2300123,2300123,1,10019000,VCA Laser,1,39200,3200,37800,1800,2023-5-28 4-26-21,
2300123,2300123,2,10019001,VCA Leaser Hand Piece,1,40000,4000,37800,1800,2023-5-28 4-26-21,
2300124,2300124,1,10019000,VCA Laser,1,39200,6200,34650,1650,2023-5-28 4-26-23,
2300124,2300124,2,10019001,VCA Leaser Hand Piece,2,40000,7500,76125,3625,2023-5-28 4-26-23,
2300125,2300125,1,10008001,DeodLeaser Hand Piece,3,2100,350,6247.5,297.5,2023-5-28 4-26-25,
2300126,2300126,1,10016000,My Ultrasonic,1,9800,2600,7560,360,2023-5-28 4-26-27,
2300127,2300127,1,10011000,Hydra Fresh,1,74200,15400,61740,2940,2023-5-28 4-26-29,
2300127,2300127,2,10012000,Hydra-new,2,16800,3800,31290,1490,2023-5-28 4-26-29,
2300127,2300127,3,10013000,Jumia,1,25200,5200,21000,1000,2023-5-28 4-26-29,
2300128,2300128,1,10006000,Caviation Laser,1,24500,3500,22050,1050,2023-5-28 4-26-31,
2300128,2300128,2,10007000,Crio Lipo,1,36400,5400,32550,1550,2023-5-28 4-26-31,
2300128,2300128,3,10009001,G5 Slimming Applicators,3,2800,550,8242.5,392.5,2023-5-28 4-26-31,
2300129,2300129,1,10019000,VCA Laser,1,39200,9400,31290,1490,2023-5-28 4-26-33,
2300129,2300129,2,10019001,VCA Leaser Hand Piece,1,40000,4000,37800,1800,2023-5-28 4-26-33,
2300130,2300130,1,10004000,RF Fractional CO2 Laser,1,81900,3900,81900,3900,2023-5-28 4-26-35,
2300131,2300131,1,10001000,Microneedling RF,2,31465,3465,62438.25,2973.25,2023-5-28 4-26-37,
2300131,2300131,2,10001001,Microneedling RF - HandPiece,1,4725,2175,2677.5,127.5,2023-5-28 4-26-37,
2300132,2300132,1,10018004,SVTA Radio Hand Pice 4,3,1820,200,5523,263,2023-5-28 4-26-39,
2300132,2300132,2,10018005,SVTA Radio Hand Pice 5,2,2240,140,4557,217,2023-5-28 4-26-39,
2300133,2300133,1,10018007,SVTA Radio Hand Pice 7,3,2520,1040,6846,326,2023-5-28 4-26-41,
2300133,2300133,2,10018008,SVTA Radio Hand Pice 8,2,1400,350,2572.5,122.5,2023-5-28 4-26-41,
2300134,2300134,1,10008000,DeodLeaser,2,15400,3400,28770,1370,2023-5-28 4-26-43,
2300134,2300134,2,10008001,DeodLeaser Hand Piece,2,2100,300,4095,195,2023-5-28 4-26-43,
2300135,2300135,1,10016000,My Ultrasonic,1,9800,1800,8400,400,2023-5-28 4-26-45,
2300135,2300135,2,10017000,SPA Slim,1,8400,1400,7350,350,2023-5-28 4-26-45,
2300136,2300136,1,10018005,SVTA Radio Hand Pice 5,3,2240,4800,2016,96,2023-5-28 4-26-47,
2300136,2300136,2,10018006,SVTA Radio Hand Pice 6,2,2380,0,4998,238,2023-5-28 4-26-47,
2300136,2300136,3,10018007,SVTA Radio Hand Pice 7,2,2520,0,5292,252,2023-5-28 4-26-47,
2300136,2300136,4,10018008,SVTA Radio Hand Pice 8,3,1400,0,4410,210,2023-5-28 4-26-47,
2300136,2300136,5,10018000,SVTA Radio,2,25200,3200,49560,2360,2023-5-28 4-26-47,
2300137,2300137,1,10001000,Microneedling RF,1,31465,2465,30450,1450,2023-5-28 4-26-49,
2300137,2300137,2,10001001,Microneedling RF - HandPiece,4,4725,1450,18322.5,872.5,2023-5-28 4-26-49,
2300137,2300137,3,10004001,RF Fractional CO2 Laser - Handpiece,1,7700,1700,6300,300,2023-5-28 4-26-49,
2300137,2300137,4,10004002,RF Fractional CO2 Laser - Accessories,4,1400,400,5460,260,2023-5-28 4-26-49,
2300138,2300138,1,10004001,RF Fractional CO2 Laser - Handpiece,1,7700,500,7560,360,2023-5-28 4-26-51,
2300138,2300138,2,10004002,RF Fractional CO2 Laser - Accessories,5,1400,20,7329,349,2023-5-28 4-26-51,
2300139,2300139,1,10004000,RF Fractional CO2 Laser,1,81900,2900,82950,3950,2023-5-28 4-26-53,
2300139,2300139,2,10004001,RF Fractional CO2 Laser - Handpiece,2,7700,300,15855,755,2023-5-28 4-26-53,
2300140,2300140,1,10008000,DeodLeaser,1,15400,300,15855,755,2023-5-28 4-26-55,
2300140,2300140,2,10009001,G5 Slimming Applicators,4,2800,255,11492.25,547.25,2023-5-28 4-26-55,
2300140,2300140,3,10014000,Konmision,1,39200,1200,39900,1900,2023-5-28 4-26-55,
2300141,2300141,1,10001000,Microneedling RF,1,31465,2465,30450,1450,2023-5-28 4-26-57,
2300141,2300141,2,10001001,Microneedling RF - HandPiece,1,4725,650,4278.75,203.75,2023-5-28 4-26-57,
2300142,2300142,1,10018004,SVTA Radio Hand Pice 4,5,1820,220,9324,444,2023-5-28 4-26-59,
2300142,2300142,2,10018005,SVTA Radio Hand Pice 5,4,2240,240,9156,436,2023-5-28 4-26-59,
2300143,2300143,1,10018007,SVTA Radio Hand Pice 7,2,2520,500,4767,227,2023-5-28 4-27-2,
2300143,2300143,2,10018008,SVTA Radio Hand Pice 8,4,1400,30,5848.5,278.5,2023-5-28 4-27-2,
2300143,2300143,3,10018000,SVTA Radio,1,25200,3200,23100,1100,2023-5-28 4-27-2,
2300144,2300144,1,10018001,SVTA Radio Hand Pice 1,4,1680,280,6762,322,2023-5-28 4-27-4,
2300144,2300144,2,10018000,SVTA Radio,1,25200,3200,23100,1100,2023-5-28 4-27-4,
2300145,2300145,1,10004001,RF Fractional CO2 Laser - Handpiece,1,7700,700,7350,350,2023-5-28 4-27-6,
2300145,2300145,2,10004002,RF Fractional CO2 Laser - Accessories,6,1400,1600,7140,340,2023-5-28 4-27-6,
2300146,2300146,1,10007000,Crio Lipo,1,36400,4400,33600,1600,2023-5-28 4-27-8,
2300146,2300146,2,10008001,DeodLeaser Hand Piece,5,2100,300,10710,510,2023-5-28 4-27-8,
2300147,2300147,1,10018000,SVTA Radio,1,25200,500,25935,1235,2023-5-28 4-27-10,
2300147,2300147,2,10018001,SVTA Radio Hand Pice 1,3,1680,180,5103,243,2023-5-28 4-27-10,
2300147,2300147,3,10018002,SVTA Radio Hand Pice 2,2,2100,200,4200,200,2023-5-28 4-27-10,
2300147,2300147,4,10018003,SVTA Radio Hand Pice 3,2,1960,190,3916.5,186.5,2023-5-28 4-27-10,
2300147,2300147,5,10018004,SVTA Radio Hand Pice 4,1,1820,220,1680,80,2023-5-28 4-27-10,
2300148,2300148,1,10008000,DeodLeaser,1,15400,2400,13650,650,2023-5-28 4-27-12,
2300148,2300148,2,10009001,G5 Slimming Applicators,3,2800,240,8568,408,2023-5-28 4-27-12,
2300149,2300149,1,10012000,Hydra-new,2,16800,280,34986,1666,2023-5-28 4-27-14,
2300149,2300149,2,10013000,Jumia,1,25200,3200,23100,1100,2023-5-28 4-27-14,
2300150,2300150,1,10001000,Microneedling RF,1,31465,2465,30450,1450,2023-5-28 4-27-16,
2300150,2300150,2,10001001,Microneedling RF - HandPiece,2,4725,2450,7350,350,2023-5-28 4-27-16,
2300151,2300151,1,10018001,SVTA Radio Hand Pice 1,3,1680,360,4914,234,2023-5-28 4-27-18,
2300151,2300151,2,10018002,SVTA Radio Hand Pice 2,4,2100,300,8505,405,2023-5-28 4-27-18,
2300152,2300152,1,10007000,Crio Lipo,1,36400,3400,34650,1650,2023-5-28 4-27-20,
2300152,2300152,2,10008001,DeodLeaser Hand Piece,3,2100,1300,5250,250,2023-5-28 4-27-20,
2300153,2300153,1,10018003,SVTA Radio Hand Pice 3,2,1960,1880,2142,102,2023-5-28 4-27-22,
2300153,2300153,2,10018004,SVTA Radio Hand Pice 4,3,1820,320,5397,257,2023-5-28 4-27-22,
2300154,2300154,1,10019000,VCA Laser,1,39200,3200,37800,1800,2023-5-28 4-27-24,
2300154,2300154,2,10019001,VCA Leaser Hand Piece,1,40000,4000,37800,1800,2023-5-28 4-27-24,
2300155,2300155,1,10018005,SVTA Radio Hand Pice 5,3,2240,240,6804,324,2023-5-28 4-27-26,
2300155,2300155,2,10018006,SVTA Radio Hand Pice 6,2,2380,1760,3150,150,2023-5-28 4-27-26,
2300156,2300156,1,10008001,DeodLeaser Hand Piece,2,2100,300,4095,195,2023-5-28 4-27-28,
2300157,2300157,1,10006000,Caviation Laser,1,24500,6000,19425,925,2023-5-28 4-27-30,
2300158,2300158,1,10018000,SVTA Radio,1,25200,4400,21840,1040,2023-5-28 4-27-32,
2300158,2300158,2,10019000,VCA Laser,1,39200,320,40824,1944,2023-5-28 4-27-32,
2300159,2300159,1,10009000,G5 Slimming,1,51800,3800,50400,2400,2023-5-28 4-27-34,
2300159,2300159,2,10009001,G5 Slimming Applicators,3,2800,1400,7350,350,2023-5-28 4-27-34,
2300159,2300159,3,10010000,Hiemt A,1,85400,4400,85050,4050,2023-5-28 4-27-34,
2300160,2300160,1,10011000,Hydra Fresh,1,74200,14200,63000,3000,2023-5-28 4-27-36,
2300160,2300160,2,10013000,Jumia,1,25200,5200,21000,1000,2023-5-28 4-27-36,
2300160,2300160,3,10016000,My Ultrasonic,2,9800,1600,18900,900,2023-5-28 4-27-36,
2300161,2300161,1,10008001,DeodLeaser Hand Piece,4,2100,300,8505,405,2023-5-28 4-27-38,
2300161,2300161,2,10008000,DeodLeaser,2,15400,3400,28770,1370,2023-5-28 4-27-38,
2300162,2300162,1,10013000,Jumia,1,25200,2200,24150,1150,2023-5-28 4-27-40,
2300162,2300162,2,10014000,Konmision,1,39200,3200,37800,1800,2023-5-28 4-27-40,
2300163,2300163,1,10003000,Portable Diode Laser Hair Removal Equipment,1,47180,6180,43050,2050,2023-5-28 4-27-42,
2300163,2300163,2,10003001,Portable Diode Laser Hair Removal Equipment - Hand Piece,1,6300,3900,2520,120,2023-5-28 4-27-42,
2300164,2300164,1,10018001,SVTA Radio Hand Pice 1,3,1680,360,4914,234,2023-5-28 4-27-44,
2300164,2300164,2,10018002,SVTA Radio Hand Pice 2,5,2100,300,10710,510,2023-5-28 4-27-44,
2300165,2300165,1,10017000,SPA Slim,2,8400,400,17220,820,2023-5-28 4-27-46,
2300165,2300165,2,10018001,SVTA Radio Hand Pice 1,5,1680,360,8442,402,2023-5-28 4-27-46,
2300166,2300166,1,10018003,SVTA Radio Hand Pice 3,3,1960,880,5250,250,2023-5-28 4-27-48,
2300166,2300166,2,10018004,SVTA Radio Hand Pice 4,4,1820,220,7413,353,2023-5-28 4-27-48,
2300167,2300167,1,10015000,Mickcara,1,43400,4400,40950,1950,2023-5-28 4-27-50,
2300167,2300167,2,10016000,My Ultrasonic,2,9800,3600,16800,800,2023-5-28 4-27-50,
2300168,2300168,1,10019000,VCA Laser,1,39200,3200,37800,1800,2023-5-28 4-27-52,
2300168,2300168,2,10019001,VCA Leaser Hand Piece,1,40000,4000,37800,1800,2023-5-28 4-27-52,
2300169,2300169,1,10019000,VCA Laser,1,39200,6200,34650,1650,2023-5-28 4-27-54,
2300169,2300169,2,10019001,VCA Leaser Hand Piece,2,40000,7500,76125,3625,2023-5-28 4-27-54,
2300170,2300170,1,10008001,DeodLeaser Hand Piece,5,2100,350,10657.5,507.5,2023-5-28 4-27-56,
2300171,2300171,1,10016000,My Ultrasonic,2,9800,2600,17850,850,2023-5-28 4-27-58,
2300172,2300172,1,10011000,Hydra Fresh,1,74200,15400,61740,2940,2023-5-28 4-28-1,
2300172,2300172,2,10012000,Hydra-new,2,16800,3800,31290,1490,2023-5-28 4-28-1,
2300172,2300172,3,10013000,Jumia,1,25200,5200,21000,1000,2023-5-28 4-28-1,
2300173,2300173,1,10006000,Caviation Laser,1,24500,3500,22050,1050,2023-5-28 4-28-3,
2300173,2300173,2,10007000,Crio Lipo,1,36400,5400,32550,1550,2023-5-28 4-28-3,
2300173,2300173,3,10009001,G5 Slimming Applicators,5,2800,550,14122.5,672.5,2023-5-28 4-28-3,
2300174,2300174,1,10019000,VCA Laser,1,39200,9400,31290,1490,2023-5-28 4-28-5,
2300174,2300174,2,10019001,VCA Leaser Hand Piece,1,40000,4000,37800,1800,2023-5-28 4-28-5,
2300175,2300175,1,10004000,RF Fractional CO2 Laser,1,81900,3900,81900,3900,2023-5-28 4-28-7,
2300176,2300176,1,10001000,Microneedling RF,1,31465,3465,29400,1400,2023-5-28 4-28-9,
2300176,2300176,2,10001001,Microneedling RF - HandPiece,3,4725,2175,12600,600,2023-5-28 4-28-9,
2300177,2300177,1,10018004,SVTA Radio Hand Pice 4,3,1820,200,5523,263,2023-5-28 4-28-11,
2300177,2300177,2,10018005,SVTA Radio Hand Pice 5,2,2240,140,4557,217,2023-5-28 4-28-11,
2300178,2300178,1,10018007,SVTA Radio Hand Pice 7,1,2520,1040,1554,74,2023-5-28 4-28-13,
2300178,2300178,2,10018008,SVTA Radio Hand Pice 8,5,1400,350,6982.5,332.5,2023-5-28 4-28-13,
2300179,2300179,1,10008000,DeodLeaser,2,15400,3400,28770,1370,2023-5-28 4-28-15,
2300179,2300179,2,10008001,DeodLeaser Hand Piece,3,2100,300,6300,300,2023-5-28 4-28-15,
2300180,2300180,1,10016000,My Ultrasonic,1,9800,1800,8400,400,2023-5-28 4-28-17,
2300180,2300180,2,10017000,SPA Slim,2,8400,1400,16170,770,2023-5-28 4-28-17,
2300181,2300181,1,10018005,SVTA Radio Hand Pice 5,2,2240,4800,-336,-16,2023-5-28 4-28-19,
2300181,2300181,2,10018006,SVTA Radio Hand Pice 6,5,2380,0,12495,595,2023-5-28 4-28-19,
2300181,2300181,3,10018007,SVTA Radio Hand Pice 7,3,2520,0,7938,378,2023-5-28 4-28-19,
2300181,2300181,4,10018008,SVTA Radio Hand Pice 8,1,1400,0,1470,70,2023-5-28 4-28-19,
2300181,2300181,5,10018000,SVTA Radio,2,25200,3200,49560,2360,2023-5-28 4-28-19,
2300182,2300182,1,10001000,Microneedling RF,2,31465,2465,63488.25,3023.25,2023-5-28 4-28-21,
2300182,2300182,2,10001001,Microneedling RF - HandPiece,1,4725,1450,3438.75,163.75,2023-5-28 4-28-21,
2300182,2300182,3,10004001,RF Fractional CO2 Laser - Handpiece,2,7700,1700,14385,685,2023-5-28 4-28-21,
2300182,2300182,4,10004002,RF Fractional CO2 Laser - Accessories,1,1400,400,1050,50,2023-5-28 4-28-21,
2300183,2300183,1,10004001,RF Fractional CO2 Laser - Handpiece,2,7700,500,15645,745,2023-5-28 4-28-23,
2300183,2300183,2,10004002,RF Fractional CO2 Laser - Accessories,1,1400,20,1449,69,2023-5-28 4-28-23,
2300184,2300184,1,10004000,RF Fractional CO2 Laser,1,81900,2900,82950,3950,2023-5-28 4-28-25,
2300184,2300184,2,10004001,RF Fractional CO2 Laser - Handpiece,2,7700,300,15855,755,2023-5-28 4-28-25,
2300185,2300185,1,10008000,DeodLeaser,2,15400,300,32025,1525,2023-5-28 4-28-27,
2300185,2300185,2,10009001,G5 Slimming Applicators,2,2800,255,5612.25,267.25,2023-5-28 4-28-27,
2300185,2300185,3,10014000,Konmision,1,39200,1200,39900,1900,2023-5-28 4-28-27,
2300186,2300186,1,10001000,Microneedling RF,1,31465,2465,30450,1450,2023-5-28 4-28-29,
2300186,2300186,2,10001001,Microneedling RF - HandPiece,2,4725,650,9240,440,2023-5-28 4-28-29,
2300187,2300187,1,10018004,SVTA Radio Hand Pice 4,2,1820,220,3591,171,2023-5-28 4-28-31,
2300187,2300187,2,10018005,SVTA Radio Hand Pice 5,2,2240,240,4452,212,2023-5-28 4-28-31,
2300188,2300188,1,10018007,SVTA Radio Hand Pice 7,3,2520,500,7413,353,2023-5-28 4-28-33,
2300188,2300188,2,10018008,SVTA Radio Hand Pice 8,2,1400,30,2908.5,138.5,2023-5-28 4-28-33,
2300188,2300188,3,10018000,SVTA Radio,2,25200,3200,49560,2360,2023-5-28 4-28-33,
2300189,2300189,1,10018001,SVTA Radio Hand Pice 1,2,1680,280,3234,154,2023-5-28 4-28-35,
2300189,2300189,2,10018000,SVTA Radio,1,25200,3200,23100,1100,2023-5-28 4-28-35,
2300190,2300190,1,10004001,RF Fractional CO2 Laser - Handpiece,2,7700,700,15435,735,2023-5-28 4-28-37,
2300190,2300190,2,10004002,RF Fractional CO2 Laser - Accessories,6,1400,1600,7140,340,2023-5-28 4-28-37,
2300191,2300191,1,10007000,Crio Lipo,2,36400,4400,71820,3420,2023-5-28 4-28-39,
2300191,2300191,2,10008001,DeodLeaser Hand Piece,2,2100,300,4095,195,2023-5-28 4-28-39,
2300192,2300192,1,10018000,SVTA Radio,1,25200,500,25935,1235,2023-5-28 4-28-41,
2300192,2300192,2,10018001,SVTA Radio Hand Pice 1,3,1680,180,5103,243,2023-5-28 4-28-41,
2300192,2300192,3,10018002,SVTA Radio Hand Pice 2,2,2100,200,4200,200,2023-5-28 4-28-41,
2300192,2300192,4,10018003,SVTA Radio Hand Pice 3,2,1960,190,3916.5,186.5,2023-5-28 4-28-41,
2300192,2300192,5,10018004,SVTA Radio Hand Pice 4,2,1820,220,3591,171,2023-5-28 4-28-41,
2300193,2300193,1,10008000,DeodLeaser,2,15400,2400,29820,1420,2023-5-28 4-28-43,
2300193,2300193,2,10009001,G5 Slimming Applicators,2,2800,240,5628,268,2023-5-28 4-28-43,
2300194,2300194,1,10012000,Hydra-new,1,16800,280,17346,826,2023-5-28 4-28-45,
2300194,2300194,2,10013000,Jumia,1,25200,3200,23100,1100,2023-5-28 4-28-45,
2300195,2300195,1,10001000,Microneedling RF,1,31465,2465,30450,1450,2023-5-28 4-28-47,
2300195,2300195,2,10001001,Microneedling RF - HandPiece,3,4725,2450,12311.25,586.25,2023-5-28 4-28-47,
2300196,2300196,1,10018001,SVTA Radio Hand Pice 1,1,1680,360,1386,66,2023-5-28 4-28-49,
2300196,2300196,2,10018002,SVTA Radio Hand Pice 2,2,2100,300,4095,195,2023-5-28 4-28-49,
2300197,2300197,1,10007000,Crio Lipo,1,36400,3400,34650,1650,2023-5-28 4-28-51,
2300197,2300197,2,10008001,DeodLeaser Hand Piece,4,2100,1300,7455,355,2023-5-28 4-28-51,
2300198,2300198,1,10018003,SVTA Radio Hand Pice 3,2,1960,1880,2142,102,2023-5-28 4-28-53,
2300198,2300198,2,10018004,SVTA Radio Hand Pice 4,3,1820,320,5397,257,2023-5-28 4-28-53,
2300199,2300199,1,10019000,VCA Laser,1,39200,3200,37800,1800,2023-5-28 4-28-55,
2300199,2300199,2,10019001,VCA Leaser Hand Piece,1,40000,4000,37800,1800,2023-5-28 4-28-55,
2300200,2300200,1,10018005,SVTA Radio Hand Pice 5,3,2240,240,6804,324,2023-5-28 4-28-57,
2300200,2300200,2,10018006,SVTA Radio Hand Pice 6,1,2380,1760,651,31,2023-5-28 4-28-57,
2300201,2300201,1,10008001,DeodLeaser Hand Piece,3,2100,300,6300,300,2023-5-28 4-28-59,
2300202,2300202,1,10006000,Caviation Laser,1,24500,6000,19425,925,2023-5-28 4-29-2,
2300203,2300203,1,10018000,SVTA Radio,1,25200,4400,21840,1040,2023-5-28 4-29-4,
2300203,2300203,2,10019000,VCA Laser,1,39200,320,40824,1944,2023-5-28 4-29-4,
2300204,2300204,1,10009000,G5 Slimming,1,51800,3800,50400,2400,2023-5-28 4-29-6,
2300204,2300204,2,10009001,G5 Slimming Applicators,4,2800,1400,10290,490,2023-5-28 4-29-6,
2300204,2300204,3,10010000,Hiemt A,1,85400,4400,85050,4050,2023-5-28 4-29-6,
2300205,2300205,1,10011000,Hydra Fresh,1,74200,14200,63000,3000,2023-5-28 4-29-8,
2300205,2300205,2,10013000,Jumia,1,25200,5200,21000,1000,2023-5-28 4-29-8,
2300205,2300205,3,10016000,My Ultrasonic,3,9800,1600,29190,1390,2023-5-28 4-29-8,
2300206,2300206,1,10008001,DeodLeaser Hand Piece,4,2100,300,8505,405,2023-5-28 4-29-10,
2300206,2300206,2,10008000,DeodLeaser,2,15400,3400,28770,1370,2023-5-28 4-29-10,
2300207,2300207,1,10013000,Jumia,1,25200,2200,24150,1150,2023-5-28 4-29-12,
2300207,2300207,2,10014000,Konmision,1,39200,3200,37800,1800,2023-5-28 4-29-12,
2300208,2300208,1,10003000,Portable Diode Laser Hair Removal Equipment,2,47180,6180,92589,4409,2023-5-28 4-29-14,
2300208,2300208,2,10003001,Portable Diode Laser Hair Removal Equipment - Hand Piece,2,6300,3900,9135,435,2023-5-28 4-29-14,
2300209,2300209,1,10018001,SVTA Radio Hand Pice 1,4,1680,360,6678,318,2023-5-28 4-29-16,
2300209,2300209,2,10018002,SVTA Radio Hand Pice 2,3,2100,300,6300,300,2023-5-28 4-29-16,
2300210,2300210,1,10017000,SPA Slim,2,8400,400,17220,820,2023-5-28 4-29-18,
2300210,2300210,2,10018001,SVTA Radio Hand Pice 1,3,1680,360,4914,234,2023-5-28 4-29-18,
2300211,2300211,1,10018003,SVTA Radio Hand Pice 3,4,1960,880,7308,348,2023-5-28 4-29-20,
2300211,2300211,2,10018004,SVTA Radio Hand Pice 4,2,1820,220,3591,171,2023-5-28 4-29-20,
2300212,2300212,1,10015000,Mickcara,1,43400,4400,40950,1950,2023-5-28 4-29-22,
2300212,2300212,2,10016000,My Ultrasonic,3,9800,3600,27090,1290,2023-5-28 4-29-22,
2300213,2300213,1,10019000,VCA Laser,1,39200,3200,37800,1800,2023-5-28 4-29-24,
2300213,2300213,2,10019001,VCA Leaser Hand Piece,1,40000,4000,37800,1800,2023-5-28 4-29-24,
2300214,2300214,1,10019000,VCA Laser,1,39200,6200,34650,1650,2023-5-28 4-29-26,
2300214,2300214,2,10019001,VCA Leaser Hand Piece,2,40000,7500,76125,3625,2023-5-28 4-29-26,
2300215,2300215,1,10008001,DeodLeaser Hand Piece,3,2100,350,6247.5,297.5,2023-5-28 4-29-28,
2300216,2300216,1,10016000,My Ultrasonic,1,9800,2600,7560,360,2023-5-28 4-29-30,
2300217,2300217,1,10011000,Hydra Fresh,1,74200,15400,61740,2940,2023-5-28 4-29-32,
2300217,2300217,2,10012000,Hydra-new,2,16800,3800,31290,1490,2023-5-28 4-29-32,
2300217,2300217,3,10013000,Jumia,2,25200,5200,47460,2260,2023-5-28 4-29-32,
2300218,2300218,1,10006000,Caviation Laser,2,24500,3500,47775,2275,2023-5-28 4-29-34,
2300218,2300218,2,10007000,Crio Lipo,1,36400,5400,32550,1550,2023-5-28 4-29-34,
2300218,2300218,3,10009001,G5 Slimming Applicators,3,2800,550,8242.5,392.5,2023-5-28 4-29-34,
2300219,2300219,1,10019000,VCA Laser,1,39200,9400,31290,1490,2023-5-28 4-29-36,
2300219,2300219,2,10019001,VCA Leaser Hand Piece,1,40000,4000,37800,1800,2023-5-28 4-29-36,
2300220,2300220,1,10004000,RF Fractional CO2 Laser,1,81900,3900,81900,3900,2023-5-28 4-29-38,
2300221,2300221,1,10001000,Microneedling RF,2,31465,3465,62438.25,2973.25,2023-5-28 4-29-40,
2300221,2300221,2,10001001,Microneedling RF - HandPiece,2,4725,2175,7638.75,363.75,2023-5-28 4-29-40,
2300222,2300222,1,10018004,SVTA Radio Hand Pice 4,3,1820,200,5523,263,2023-5-28 4-29-42,
2300222,2300222,2,10018005,SVTA Radio Hand Pice 5,2,2240,140,4557,217,2023-5-28 4-29-42,
2300223,2300223,1,10018007,SVTA Radio Hand Pice 7,1,2520,1040,1554,74,2023-5-28 4-29-44,
2300223,2300223,2,10018008,SVTA Radio Hand Pice 8,2,1400,350,2572.5,122.5,2023-5-28 4-29-44,
2300224,2300224,1,10008000,DeodLeaser,1,15400,3400,12600,600,2023-5-28 4-29-46,
2300224,2300224,2,10008001,DeodLeaser Hand Piece,2,2100,300,4095,195,2023-5-28 4-29-46,
2300225,2300225,1,10016000,My Ultrasonic,2,9800,1800,18690,890,2023-5-28 4-29-48,
2300225,2300225,2,10017000,SPA Slim,1,8400,1400,7350,350,2023-5-28 4-29-48,
2300226,2300226,1,10018005,SVTA Radio Hand Pice 5,3,2240,4800,2016,96,2023-5-28 4-29-50,
2300226,2300226,2,10018006,SVTA Radio Hand Pice 6,2,2380,0,4998,238,2023-5-28 4-29-50,
2300226,2300226,3,10018007,SVTA Radio Hand Pice 7,2,2520,0,5292,252,2023-5-28 4-29-50,
2300226,2300226,4,10018008,SVTA Radio Hand Pice 8,2,1400,0,2940,140,2023-5-28 4-29-50,
2300226,2300226,5,10018000,SVTA Radio,2,25200,3200,49560,2360,2023-5-28 4-29-50,
2300227,2300227,1,10001000,Microneedling RF,1,31465,2465,30450,1450,2023-5-28 4-29-52,
2300227,2300227,2,10001001,Microneedling RF - HandPiece,5,4725,1450,23283.75,1108.75,2023-5-28 4-29-52,
2300227,2300227,3,10004001,RF Fractional CO2 Laser - Handpiece,1,7700,1700,6300,300,2023-5-28 4-29-52,
2300227,2300227,4,10004002,RF Fractional CO2 Laser - Accessories,3,1400,400,3990,190,2023-5-28 4-29-52,
2300228,2300228,1,10004001,RF Fractional CO2 Laser - Handpiece,1,7700,500,7560,360,2023-5-28 4-29-54,
2300228,2300228,2,10004002,RF Fractional CO2 Laser - Accessories,5,1400,20,7329,349,2023-5-28 4-29-54,
2300229,2300229,1,10004000,RF Fractional CO2 Laser,1,81900,2900,82950,3950,2023-5-28 4-29-56,
2300229,2300229,2,10004001,RF Fractional CO2 Laser - Handpiece,3,7700,300,23940,1140,2023-5-28 4-29-56,
2300230,2300230,1,10008000,DeodLeaser,1,15400,300,15855,755,2023-5-28 4-29-58,
2300230,2300230,2,10009001,G5 Slimming Applicators,4,2800,255,11492.25,547.25,2023-5-28 4-29-58,
2300230,2300230,3,10014000,Konmision,1,39200,1200,39900,1900,2023-5-28 4-29-58,
2300231,2300231,1,10001000,Microneedling RF,1,31465,2465,30450,1450,2023-5-28 4-30-2,
2300231,2300231,2,10001001,Microneedling RF - HandPiece,3,4725,650,14201.25,676.25,2023-5-28 4-30-2,
2300232,2300232,1,10018004,SVTA Radio Hand Pice 4,5,1820,220,9324,444,2023-5-28 4-30-4,
2300232,2300232,2,10018005,SVTA Radio Hand Pice 5,4,2240,240,9156,436,2023-5-28 4-30-4,
2300233,2300233,1,10018007,SVTA Radio Hand Pice 7,2,2520,500,4767,227,2023-5-28 4-30-6,
2300233,2300233,2,10018008,SVTA Radio Hand Pice 8,4,1400,30,5848.5,278.5,2023-5-28 4-30-6,
2300233,2300233,3,10018000,SVTA Radio,1,25200,3200,23100,1100,2023-5-28 4-30-6,
2300234,2300234,1,10018001,SVTA Radio Hand Pice 1,5,1680,280,8526,406,2023-5-28 4-30-8,
2300234,2300234,2,10018000,SVTA Radio,1,25200,3200,23100,1100,2023-5-28 4-30-8,
2300235,2300235,1,10004001,RF Fractional CO2 Laser - Handpiece,1,7700,700,7350,350,2023-5-28 4-30-10,
2300235,2300235,2,10004002,RF Fractional CO2 Laser - Accessories,7,1400,1600,8610,410,2023-5-28 4-30-10,
2300236,2300236,1,10007000,Crio Lipo,1,36400,4400,33600,1600,2023-5-28 4-30-12,
2300236,2300236,2,10008001,DeodLeaser Hand Piece,5,2100,300,10710,510,2023-5-28 4-30-12,
2300237,2300237,1,10018000,SVTA Radio,1,25200,500,25935,1235,2023-5-28 4-30-14,
2300237,2300237,2,10018001,SVTA Radio Hand Pice 1,2,1680,180,3339,159,2023-5-28 4-30-14,
2300237,2300237,3,10018002,SVTA Radio Hand Pice 2,3,2100,200,6405,305,2023-5-28 4-30-14,
2300237,2300237,4,10018003,SVTA Radio Hand Pice 3,2,1960,190,3916.5,186.5,2023-5-28 4-30-14,
2300237,2300237,5,10018004,SVTA Radio Hand Pice 4,3,1820,220,5502,262,2023-5-28 4-30-14,
2300238,2300238,1,10008000,DeodLeaser,1,15400,2400,13650,650,2023-5-28 4-30-16,
2300238,2300238,2,10009001,G5 Slimming Applicators,3,2800,240,8568,408,2023-5-28 4-30-16,
2300239,2300239,1,10012000,Hydra-new,1,16800,280,17346,826,2023-5-28 4-30-18,
2300239,2300239,2,10013000,Jumia,1,25200,3200,23100,1100,2023-5-28 4-30-18,
2300240,2300240,1,10001000,Microneedling RF,1,31465,2465,30450,1450,2023-5-28 4-30-20,
2300240,2300240,2,10001001,Microneedling RF - HandPiece,2,4725,2450,7350,350,2023-5-28 4-30-20,
2300241,2300241,1,10018001,SVTA Radio Hand Pice 1,3,1680,360,4914,234,2023-5-28 4-30-22,
2300241,2300241,2,10018002,SVTA Radio Hand Pice 2,4,2100,300,8505,405,2023-5-28 4-30-22,
2300242,2300242,1,10007000,Crio Lipo,1,36400,3400,34650,1650,2023-5-28 4-30-24,
2300242,2300242,2,10008001,DeodLeaser Hand Piece,3,2100,1300,5250,250,2023-5-28 4-30-24,
2300243,2300243,1,10018003,SVTA Radio Hand Pice 3,2,1960,1880,2142,102,2023-5-28 4-30-26,
2300243,2300243,2,10018004,SVTA Radio Hand Pice 4,3,1820,320,5397,257,2023-5-28 4-30-26,
2300244,2300244,1,10019000,VCA Laser,1,39200,3200,37800,1800,2023-5-28 4-30-28,
2300244,2300244,2,10019001,VCA Leaser Hand Piece,1,40000,4000,37800,1800,2023-5-28 4-30-28,
2300245,2300245,1,10018005,SVTA Radio Hand Pice 5,4,2240,240,9156,436,2023-5-28 4-30-30,
2300245,2300245,2,10018006,SVTA Radio Hand Pice 6,2,2380,1760,3150,150,2023-5-28 4-30-30,
2300246,2300246,1,10008001,DeodLeaser Hand Piece,2,2100,300,4095,195,2023-5-28 4-30-32,
2300247,2300247,1,10006000,Caviation Laser,1,24500,6000,19425,925,2023-5-28 4-30-34,
2300248,2300248,1,10018000,SVTA Radio,1,25200,4400,21840,1040,2023-5-28 4-30-36,
2300248,2300248,2,10019000,VCA Laser,2,39200,320,81984,3904,2023-5-28 4-30-36,
2300249,2300249,1,10009000,G5 Slimming,1,51800,3800,50400,2400,2023-5-28 4-30-38,
2300249,2300249,2,10009001,G5 Slimming Applicators,3,2800,1400,7350,350,2023-5-28 4-30-38,
2300249,2300249,3,10010000,Hiemt A,1,85400,4400,85050,4050,2023-5-28 4-30-38,
2300250,2300250,1,10011000,Hydra Fresh,1,74200,14200,63000,3000,2023-5-28 4-30-40,
2300250,2300250,2,10013000,Jumia,1,25200,5200,21000,1000,2023-5-28 4-30-40,
2300250,2300250,3,10016000,My Ultrasonic,2,9800,1600,18900,900,2023-5-28 4-30-40,
2300251,2300251,1,10008001,DeodLeaser Hand Piece,4,2100,300,8505,405,2023-5-28 4-30-42,
2300251,2300251,2,10008000,DeodLeaser,2,15400,3400,28770,1370,2023-5-28 4-30-42,
2300252,2300252,1,10013000,Jumia,1,25200,2200,24150,1150,2023-5-28 4-30-44,
2300252,2300252,2,10014000,Konmision,1,39200,3200,37800,1800,2023-5-28 4-30-44,
2300253,2300253,1,10003000,Portable Diode Laser Hair Removal Equipment,1,47180,6180,43050,2050,2023-5-28 4-30-46,
2300253,2300253,2,10003001,Portable Diode Laser Hair Removal Equipment - Hand Piece,3,6300,3900,15750,750,2023-5-28 4-30-46,
2300254,2300254,1,10018001,SVTA Radio Hand Pice 1,5,1680,360,8442,402,2023-5-28 4-30-48,
2300254,2300254,2,10018002,SVTA Radio Hand Pice 2,5,2100,300,10710,510,2023-5-28 4-30-48,
2300255,2300255,1,10017000,SPA Slim,2,8400,400,17220,820,2023-5-28 4-30-50,
2300255,2300255,2,10018001,SVTA Radio Hand Pice 1,4,1680,360,6678,318,2023-5-28 4-30-50,
2300256,2300256,1,10018003,SVTA Radio Hand Pice 3,3,1960,880,5250,250,2023-5-28 4-30-52,
2300256,2300256,2,10018004,SVTA Radio Hand Pice 4,5,1820,220,9324,444,2023-5-28 4-30-52,
2300257,2300257,1,10015000,Mickcara,1,43400,4400,40950,1950,2023-5-28 4-30-54,
2300257,2300257,2,10016000,My Ultrasonic,2,9800,3600,16800,800,2023-5-28 4-30-54,
2300258,2300258,1,10019000,VCA Laser,1,39200,3200,37800,1800,2023-5-28 4-30-56,
2300258,2300258,2,10019001,VCA Leaser Hand Piece,1,40000,4000,37800,1800,2023-5-28 4-30-56,
2300259,2300259,1,10019000,VCA Laser,1,39200,6200,34650,1650,2023-5-28 4-30-58,
2300259,2300259,2,10019001,VCA Leaser Hand Piece,2,40000,7500,76125,3625,2023-5-28 4-30-58,
2300260,2300260,1,10008001,DeodLeaser Hand Piece,5,2100,350,10657.5,507.5,2023-5-28 4-31-1,
2300261,2300261,1,10016000,My Ultrasonic,2,9800,2600,17850,850,2023-5-28 4-31-3,
2300262,2300262,1,10011000,Hydra Fresh,2,74200,15400,139650,6650,2023-5-28 4-31-5,
2300262,2300262,2,10012000,Hydra-new,1,16800,3800,13650,650,2023-5-28 4-31-5,
2300262,2300262,3,10013000,Jumia,1,25200,5200,21000,1000,2023-5-28 4-31-5,
2300263,2300263,1,10006000,Caviation Laser,1,24500,3500,22050,1050,2023-5-28 4-31-7,
2300263,2300263,2,10007000,Crio Lipo,1,36400,5400,32550,1550,2023-5-28 4-31-7,
2300263,2300263,3,10009001,G5 Slimming Applicators,3,2800,550,8242.5,392.5,2023-5-28 4-31-7,
2300264,2300264,1,10019000,VCA Laser,2,39200,9400,72450,3450,2023-5-28 4-31-9,
2300264,2300264,2,10019001,VCA Leaser Hand Piece,1,40000,4000,37800,1800,2023-5-28 4-31-9,
2300265,2300265,1,10004000,RF Fractional CO2 Laser,1,81900,3900,81900,3900,2023-5-28 4-31-11,
2300266,2300266,1,10001000,Microneedling RF,1,31465,3465,29400,1400,2023-5-28 4-31-13,
2300266,2300266,2,10001001,Microneedling RF - HandPiece,2,4725,2175,7638.75,363.75,2023-5-28 4-31-13,
2300267,2300267,1,10018004,SVTA Radio Hand Pice 4,5,1820,200,9345,445,2023-5-28 4-31-15,
2300267,2300267,2,10018005,SVTA Radio Hand Pice 5,1,2240,140,2205,105,2023-5-28 4-31-15,
2300268,2300268,1,10018007,SVTA Radio Hand Pice 7,3,2520,1040,6846,326,2023-5-28 4-31-17,
2300268,2300268,2,10018008,SVTA Radio Hand Pice 8,4,1400,350,5512.5,262.5,2023-5-28 4-31-17,
2300269,2300269,1,10008000,DeodLeaser,1,15400,3400,12600,600,2023-5-28 4-31-19,
2300269,2300269,2,10008001,DeodLeaser Hand Piece,3,2100,300,6300,300,2023-5-28 4-31-19,
2300270,2300270,1,10016000,My Ultrasonic,2,9800,1800,18690,890,2023-5-28 4-31-21,
2300270,2300270,2,10017000,SPA Slim,2,8400,1400,16170,770,2023-5-28 4-31-21,
